company_name,company_img,company_ALid,founder_name,founder_followers,founder_img,nfounder,founder_company_ALids,founder_score,ninvestor,investor_company_ALids,investor_score,nboard,board_company_ALids,board_score
1000memories,https://s3.amazonaws.com/photos.angel.co/startups/i/32603-01ace31b8afa9b91b680726ef19b5110-medium_jpg.jpg?buster=1370252887,32603,Rudy Adler,24,https://s3.amazonaws.com/photos.angel.co/users/249788-medium_jpg?1361398491,1,32603,10,0,32603,0.0,0,32603,0.0
42Floors,https://s3.amazonaws.com/photos.angel.co/startups/i/19928-0845bda82c37fb7869e44ce421562049-medium_jpg.jpg?buster=1333574722,19928,Darren Nix,89,https://s3.amazonaws.com/photos.angel.co/users/53938-medium_jpg?1314384892,3,"[250172, 81396, 19928]",24,0,"[250172, 81396, 19928]",0.0,0,"[250172, 81396, 19928]",0.0
42Floors,https://s3.amazonaws.com/photos.angel.co/startups/i/19928-0845bda82c37fb7869e44ce421562049-medium_jpg.jpg?buster=1333574722,19928,Jason Freedman,1725,https://s3.amazonaws.com/photos.angel.co/users/37820-medium_jpg?1316196009,2,"[33617, 19928]",14,0,"[33617, 19928]",0.0,0,"[33617, 19928]",0.0
42Floors,https://s3.amazonaws.com/photos.angel.co/startups/i/19928-0845bda82c37fb7869e44ce421562049-medium_jpg.jpg?buster=1333574722,19928,Justin Bedecarré,437,https://s3.amazonaws.com/photos.angel.co/users/82693-medium_jpg?1364870723,2,"[273478, 19928]",13,0,"[273478, 19928]",0.0,0,"[273478, 19928]",0.0
42Floors,https://s3.amazonaws.com/photos.angel.co/startups/i/19928-0845bda82c37fb7869e44ce421562049-medium_jpg.jpg?buster=1333574722,19928,Aaron O'Connell,34,https://s3.amazonaws.com/photos.angel.co/users/165765-medium_jpg?1345777087,4,"[19928, 117064, 117065, 117068]",21,0,"[19928, 117064, 117065, 117068]",0.0,0,"[19928, 117064, 117065, 117068]",0.0
42Floors,https://s3.amazonaws.com/photos.angel.co/startups/i/19928-0845bda82c37fb7869e44ce421562049-medium_jpg.jpg?buster=1333574722,19928,Jon Bracy,49,https://s3.amazonaws.com/photos.angel.co/users/76598-medium_jpg?1353310798,2,"[19928, 33617]",14,0,"[19928, 33617]",0.0,0,"[19928, 33617]",0.0
42Floors,https://s3.amazonaws.com/photos.angel.co/startups/i/19928-0845bda82c37fb7869e44ce421562049-medium_jpg.jpg?buster=1333574722,19928,James Bracy,126,https://s3.amazonaws.com/photos.angel.co/users/78480-medium_jpg?1328511338,2,"[19928, 33617]",14,0,"[19928, 33617]",0.0,0,"[19928, 33617]",0.0
42Floors,https://s3.amazonaws.com/photos.angel.co/startups/i/19928-0845bda82c37fb7869e44ce421562049-medium_jpg.jpg?buster=1333574722,19928,Ben Ehmke,94,https://s3.amazonaws.com/photos.angel.co/users/59951-medium_jpg?1316711246,1,[19928],9,0,[19928],0.0,0,[19928],0.0
42Floors,https://s3.amazonaws.com/photos.angel.co/startups/i/19928-0845bda82c37fb7869e44ce421562049-medium_jpg.jpg?buster=1333574722,19928,Alison Di Spaltro,18,https://graph.facebook.com/alison.dispaltro/picture?type=square,1,[19928],9,0,[19928],0.0,0,[19928],0.0
500Friends,https://s3.amazonaws.com/photos.angel.co/startups/i/3678-31076a88a14f433e61cb407b7df1f5f2-medium_jpg.jpg?buster=1326854954,3678,Justin Yoshimura,940,https://s3.amazonaws.com/photos.angel.co/users/1546-medium_jpg?1351984779,1,[3678],10,12,[3678],116,1,[3678],8
500Friends,https://s3.amazonaws.com/photos.angel.co/startups/i/3678-31076a88a14f433e61cb407b7df1f5f2-medium_jpg.jpg?buster=1326854954,3678,Bob Tekiela,99,https://s3.amazonaws.com/photos.angel.co/users/41730-medium_jpg?1328160907,1,[3678],10,0,[3678],0.0,0,[3678],0.0
500Friends,https://s3.amazonaws.com/photos.angel.co/startups/i/3678-31076a88a14f433e61cb407b7df1f5f2-medium_jpg.jpg?buster=1326854954,3678,Hong Hu,56,https://angel.co/images/shared/nopic.png,1,[3678],10,0,[3678],0.0,0,[3678],0.0
99dresses,https://s3.amazonaws.com/photos.angel.co/startups/i/79556-5a4f3f4fb122167726ee1c213ff7fec5-medium_jpg.jpg?buster=1383082439,79556,Nikki Durkin,42,https://s3.amazonaws.com/photos.angel.co/users/35621-medium_jpg?1383095377,1,[79556],8,0,[79556],0.0,0,[79556],0.0
99dresses,https://s3.amazonaws.com/photos.angel.co/startups/i/79556-5a4f3f4fb122167726ee1c213ff7fec5-medium_jpg.jpg?buster=1383082439,79556,Marcin Popielarz,4,https://s3.amazonaws.com/photos.angel.co/users/432287-medium_jpg?1383142231,1,[79556],8,0,[79556],0.0,0,[79556],0.0
9GAG,https://s3.amazonaws.com/photos.angel.co/startups/i/19563-3bb24ef47482a01ad8e319328f00ca82-medium_jpg.jpg?buster=1355795963,19563,Ray Chan,427,https://s3.amazonaws.com/photos.angel.co/users/21086-medium_jpg?1307411724,2,"[19564, 19563]",15,0,"[19564, 19563]",0.0,0,"[19564, 19563]",0.0
9GAG,https://s3.amazonaws.com/photos.angel.co/startups/i/19563-3bb24ef47482a01ad8e319328f00ca82-medium_jpg.jpg?buster=1355795963,19563,Chris Chan,80,https://s3.amazonaws.com/photos.angel.co/users/36386-medium_jpg?1333387287,2,"[19564, 19563]",15,0,"[19564, 19563]",0.0,0,"[19564, 19563]",0.0
9GAG,https://s3.amazonaws.com/photos.angel.co/startups/i/19563-3bb24ef47482a01ad8e319328f00ca82-medium_jpg.jpg?buster=1355795963,19563,Marco Fung,78,https://s3.amazonaws.com/photos.angel.co/users/36387-medium_jpg?1308607006,1,[19563],10,0,[19563],0.0,0,[19563],0.0
9GAG,https://s3.amazonaws.com/photos.angel.co/startups/i/19563-3bb24ef47482a01ad8e319328f00ca82-medium_jpg.jpg?buster=1355795963,19563,Brian Yu,121,https://s3.amazonaws.com/photos.angel.co/users/57403-medium_jpg?1315912198,1,[19563],10,0,[19563],0.0,0,[19563],0.0
9GAG,https://s3.amazonaws.com/photos.angel.co/startups/i/19563-3bb24ef47482a01ad8e319328f00ca82-medium_jpg.jpg?buster=1355795963,19563,Derek Chan,21,https://angel.co/images/shared/nopic.png,1,[19563],10,0,[19563],0.0,0,[19563],0.0
AboutOne,https://s3.amazonaws.com/photos.angel.co/startups/i/19769-66405ea0ce40c5811aeea398172d3976-medium_jpg.jpg?buster=1315734062,19769,Joanne Lang,11,https://angel.co/images/shared/nopic.png,1,[19769],7,0,[19769],0.0,0,[19769],0.0
AdhereTech,https://s3.amazonaws.com/photos.angel.co/startups/i/127125-299514d7bb76506e34397ec74889cf3f-medium_jpg.jpg?buster=1379355548,127125,Josh Stein,159,https://s3.amazonaws.com/photos.angel.co/users/181505-medium_jpg?1378756289,1,[127125],6,0,[127125],0.0,1,[127125],6
AdhereTech,https://s3.amazonaws.com/photos.angel.co/startups/i/127125-299514d7bb76506e34397ec74889cf3f-medium_jpg.jpg?buster=1379355548,127125,Michael Morena,19,https://s3.amazonaws.com/photos.angel.co/users/388192-medium_jpg?1378750052,1,[127125],6,0,[127125],0.0,0,[127125],0.0
AdhereTech,https://s3.amazonaws.com/photos.angel.co/startups/i/127125-299514d7bb76506e34397ec74889cf3f-medium_jpg.jpg?buster=1379355548,127125,John Langhauser,17,https://s3.amazonaws.com/photos.angel.co/users/388191-medium_jpg?1378750478,1,[127125],6,0,[127125],0.0,0,[127125],0.0
Adioso,https://s3.amazonaws.com/photos.angel.co/startups/i/25359-2087616600fff48658b7b06889cdee27-medium_jpg.jpg?buster=1370323102,25359,Tom Howard,408,https://s3.amazonaws.com/photos.angel.co/users/28889-medium_jpg?1368956226,1,[25359],8,0,[25359],0.0,0,[25359],0.0
Adioso,https://s3.amazonaws.com/photos.angel.co/startups/i/25359-2087616600fff48658b7b06889cdee27-medium_jpg.jpg?buster=1370323102,25359,Fenn Bailey,167,https://s3.amazonaws.com/photos.angel.co/users/85568-medium_jpg?1326085240,2,"[65967, 25359]",10,0,"[65967, 25359]",0.0,0,"[65967, 25359]",0.0
Adioso,https://s3.amazonaws.com/photos.angel.co/startups/i/25359-2087616600fff48658b7b06889cdee27-medium_jpg.jpg?buster=1370323102,25359,Daniel Wearne,34,https://s3.amazonaws.com/photos.angel.co/users/232722-medium_jpg?1359460702,1,[25359],8,0,[25359],0.0,0,[25359],0.0
Adioso,https://s3.amazonaws.com/photos.angel.co/startups/i/25359-2087616600fff48658b7b06889cdee27-medium_jpg.jpg?buster=1370323102,25359,Noah Jacobson,24,https://s3.amazonaws.com/photos.angel.co/users/62478-medium_jpg?1326127947,1,[25359],8,0,[25359],0.0,0,[25359],0.0
Adioso,https://s3.amazonaws.com/photos.angel.co/startups/i/25359-2087616600fff48658b7b06889cdee27-medium_jpg.jpg?buster=1370323102,25359,Azim Barodawala,8,https://s3.amazonaws.com/photos.angel.co/users/343653-medium_jpg?1374204223,0.0,[],0.0,0.0,[],0.0,0.0,[],0.0
Airbnb,https://s3.amazonaws.com/photos.angel.co/startups/i/32677-b873be4bf180abbcdad149b584b7e66f-medium_jpg.jpg?buster=1350956573,32677,Joe Gebbia,473,https://s3.amazonaws.com/photos.angel.co/users/197934-medium_jpg?1364949054,1,[32677],10,3,[32677],23,0,[32677],0.0
Airbnb,https://s3.amazonaws.com/photos.angel.co/startups/i/32677-b873be4bf180abbcdad149b584b7e66f-medium_jpg.jpg?buster=1350956573,32677,Brian Chesky,1014,https://s3.amazonaws.com/photos.angel.co/users/69424-medium_jpg?1320128534,1,[32677],10,2,[32677],19,0,[32677],0.0
Amicus,https://s3.amazonaws.com/photos.angel.co/startups/i/20331-f20e1bef2b930ed19c1c0631c835c2da-medium_jpg.jpg?buster=1341372291,20331,Seth Bannon,385,https://s3.amazonaws.com/photos.angel.co/users/28911-medium_jpg?1368057506,1,[20331],9,0,[20331],0.0,0,[20331],0.0
Amicus,https://s3.amazonaws.com/photos.angel.co/startups/i/20331-f20e1bef2b930ed19c1c0631c835c2da-medium_jpg.jpg?buster=1341372291,20331,Ben Lamothe,23,https://s3.amazonaws.com/photos.angel.co/users/145501-medium_jpg?1341470212,1,[20331],9,0,[20331],0.0,0,[20331],0.0
Amicus,https://s3.amazonaws.com/photos.angel.co/startups/i/20331-f20e1bef2b930ed19c1c0631c835c2da-medium_jpg.jpg?buster=1341372291,20331,Topper Bowers,33,https://s3.amazonaws.com/photos.angel.co/users/145704-medium_jpg?1344986783,1,[20331],9,0,[20331],0.0,0,[20331],0.0
AnyPerk,https://s3.amazonaws.com/photos.angel.co/startups/i/76533-501008e2cd9b79527c0e7b161cdfa142-medium_jpg.jpg?buster=1332268913,76533,Taro Fukuyama,525,https://s3.amazonaws.com/photos.angel.co/users/31269-medium_jpg?1358328896,1,[76533],9,0,[76533],0.0,0,[76533],0.0
AnyPerk,https://s3.amazonaws.com/photos.angel.co/startups/i/76533-501008e2cd9b79527c0e7b161cdfa142-medium_jpg.jpg?buster=1332268913,76533,Sunny Tsang,306,https://s3.amazonaws.com/photos.angel.co/users/47123-medium_jpg?1359483563,2,"[76533, 47336]",11,0,"[76533, 47336]",0.0,0,"[76533, 47336]",0.0
Ark,https://s3.amazonaws.com/photos.angel.co/startups/i/19982-293442f50ab8b2639ec159d709938c87-medium_jpg.jpg?buster=1330419791,19982,Patrick Riley,1011,https://s3.amazonaws.com/photos.angel.co/users/1173-medium_jpg?1314591646,1,[19982],10,1,[19982],7,1,[19982],4
Athos,https://s3.amazonaws.com/photos.angel.co/startups/i/132238-4aa720346f88b14be274fb4a7f7163ae-medium_jpg.jpg?buster=1384748259,132238,Chamath Palihapitiya,6897,https://s3.amazonaws.com/photos.angel.co/users/31101-medium_jpg?1304606489,3,"[132238, 56776, 43154]",27,29,"[132238, 56776, 43154]",252,5,"[132238, 56776, 43154]",40
Athos,https://s3.amazonaws.com/photos.angel.co/startups/i/132238-4aa720346f88b14be274fb4a7f7163ae-medium_jpg.jpg?buster=1384748259,132238,Joel Seligstein,222,https://s3.amazonaws.com/photos.angel.co/users/116394-medium_jpg?1334159212,1,[132238],7,3,[132238],26,0,[132238],0.0
Athos,https://s3.amazonaws.com/photos.angel.co/startups/i/132238-4aa720346f88b14be274fb4a7f7163ae-medium_jpg.jpg?buster=1384748259,132238,Dhananja Jayalath,68,https://s3.amazonaws.com/photos.angel.co/users/186453-medium_jpg?1351549197,1,[132238],7,0,[132238],0.0,0,[132238],0.0
Athos,https://s3.amazonaws.com/photos.angel.co/startups/i/132238-4aa720346f88b14be274fb4a7f7163ae-medium_jpg.jpg?buster=1384748259,132238,Christopher Wiebe,10,https://s3.amazonaws.com/photos.angel.co/users/268044-medium_jpg?1363587391,1,[132238],7,0,[132238],0.0,0,[132238],0.0
Auctomatic,https://s3.amazonaws.com/photos.angel.co/startups/i/51405-8d6ad0d5694ec4eef7c546eb2f3b1706-medium_jpg.jpg?buster=1326858689,51405,Harj Taggar,2880,https://s3.amazonaws.com/photos.angel.co/users/53953-medium_jpg?1388509099,0,[],0.0,33,[],316,0,[],0.0
BackType,https://s3.amazonaws.com/photos.angel.co/startups/i/194-dc3e7239d7c0d1a32692772dcf99eafc-medium_jpg.jpg?buster=1315770983,194,Christopher Golda,598,https://s3.amazonaws.com/photos.angel.co/users/756-medium_jpg?1310406020,1,[194],10,0,[194],0.0,0,[194],0.0
BackType,https://s3.amazonaws.com/photos.angel.co/startups/i/194-dc3e7239d7c0d1a32692772dcf99eafc-medium_jpg.jpg?buster=1315770983,194,Michael Montano,245,https://s3.amazonaws.com/photos.angel.co/users/90631-medium_jpg?1327690948,1,[194],10,0,[194],0.0,0,[194],0.0
Beetailer,https://s3.amazonaws.com/photos.angel.co/startups/i/186244-51892ba4c28dd2787276bf76c3aef481-medium_jpg.jpg?buster=1363979615,186244,Laura Valverde García,28,https://s3.amazonaws.com/photos.angel.co/users/247477-medium_jpg?1361166171,1,[186244],4,0,[186244],0.0,0,[186244],0.0
Beetailer,https://s3.amazonaws.com/photos.angel.co/startups/i/186244-51892ba4c28dd2787276bf76c3aef481-medium_jpg.jpg?buster=1363979615,186244,Miguel Ángel Triviño,25,https://graph.facebook.com/martinez.trivino/picture?type=square,1,[186244],4,0,[186244],0.0,0,[186244],0.0
biNu,https://s3.amazonaws.com/photos.angel.co/startups/i/19308-f15c33a796e7a38ce1754b7601eba464-medium_jpg.jpg?buster=1315734554,19308,Mark Shoebridge,12,https://angel.co/images/shared/nopic.png,1,[19308],7,0,[19308],0.0,0,[19308],0.0
BioBeats,https://s3.amazonaws.com/photos.angel.co/startups/i/99298-91bed1a3ae37a4a7c5245caebd291017-medium_jpg.jpg?buster=1375542183,99298,Nadeem Kassam,317,https://s3.amazonaws.com/photos.angel.co/users/141144-medium_jpg?1340389547,3,"[99291, 99298, 99151]",20,4,"[99291, 99298, 99151]",23,0,"[99291, 99298, 99151]",0.0
BioBeats,https://s3.amazonaws.com/photos.angel.co/startups/i/99298-91bed1a3ae37a4a7c5245caebd291017-medium_jpg.jpg?buster=1375542183,99298,Davide Morelli,13,https://s3.amazonaws.com/photos.angel.co/users/259777-medium_jpg?1376751140,4,"[178407, 178406, 178405, 99298]",19,0,"[178407, 178406, 178405, 99298]",0.0,0,"[178407, 178406, 178405, 99298]",0.0
BioBeats,https://s3.amazonaws.com/photos.angel.co/startups/i/99298-91bed1a3ae37a4a7c5245caebd291017-medium_jpg.jpg?buster=1375542183,99298,David Plans,37,https://s3.amazonaws.com/photos.angel.co/users/110406-medium_jpg?1376748968,1,[99298],7,0,[99298],0.0,0,[99298],0.0
BitGym,https://s3.amazonaws.com/photos.angel.co/startups/i/21516-02f6e54ee8bc4e9e7acc4fac774c0486-medium_jpg.jpg?buster=1388255284,21516,Alex Gourley,131,https://s3.amazonaws.com/photos.angel.co/users/22929-medium_jpg?1311542324,1,[21516],8,0,[21516],0.0,0,[21516],0.0
BitGym,https://s3.amazonaws.com/photos.angel.co/startups/i/21516-02f6e54ee8bc4e9e7acc4fac774c0486-medium_jpg.jpg?buster=1388255284,21516,Keerthik Omanakuttan,59,https://s3.amazonaws.com/photos.angel.co/users/160953-medium_jpg?1345067269,1,[21516],8,0,[21516],0.0,0,[21516],0.0
BitGym,https://s3.amazonaws.com/photos.angel.co/startups/i/21516-02f6e54ee8bc4e9e7acc4fac774c0486-medium_jpg.jpg?buster=1388255284,21516,Joshua McCready,28,https://s3.amazonaws.com/photos.angel.co/users/70924-medium_jpg?1320431815,1,[21516],8,0,[21516],0.0,0,[21516],0.0
BizeeBee,https://s3.amazonaws.com/photos.angel.co/startups/i/1639-6ce3f7cce1b59cf049e86d6c36dabe77-medium_jpg.jpg?buster=1315770481,1639,Poornima Vijayashanker,666,https://s3.amazonaws.com/photos.angel.co/users/3786-medium_jpg?1294804445,1,[1639],9,1,[1639],9,0,[1639],0.0
BuildZoom,https://s3.amazonaws.com/photos.angel.co/startups/i/67548-4cf2f5d0b603a9284292dbff305c10af-medium_jpg.jpg?buster=1328485834,67548,David Petersen,47,https://s3.amazonaws.com/photos.angel.co/users/82338-medium_jpg?1324688682,1,[67548],8,4,[67548],33,0,[67548],0.0
BuildZoom,https://s3.amazonaws.com/photos.angel.co/startups/i/67548-4cf2f5d0b603a9284292dbff305c10af-medium_jpg.jpg?buster=1328485834,67548,Jiyan Naghshineh Wei,165,https://s3.amazonaws.com/photos.angel.co/users/93581-medium_jpg?1366784412,1,[67548],8,0,[67548],0.0,0,[67548],0.0
CANDDi,https://angel.co/images/shared/nopic_startup.png,82972,Tim Langley,54,https://s3.amazonaws.com/photos.angel.co/users/177305-medium_jpg?1351363809,1,[82972],5,0,[82972],0.0,0,[82972],0.0
CANDDi,https://angel.co/images/shared/nopic_startup.png,82972,Tom Cheesewright,18,https://angel.co/images/shared/nopic.png,1,[82972],5,0,[82972],0.0,0,[82972],0.0
Cardpool,https://s3.amazonaws.com/photos.angel.co/startups/i/32566-e44af3dc4c32771d6fb5251cd122b5be-medium_jpg.jpg?buster=1326842804,32566,Anson Tsai,195,https://s3.amazonaws.com/photos.angel.co/users/82355-medium_jpg?1333869860,2,"[36039, 32566]",17,0,"[36039, 32566]",0.0,0,"[36039, 32566]",0.0
Cardpool,https://s3.amazonaws.com/photos.angel.co/startups/i/32566-e44af3dc4c32771d6fb5251cd122b5be-medium_jpg.jpg?buster=1326842804,32566,Timothy Wong,29,https://s3.amazonaws.com/photos.angel.co/users/163719-medium_jpg?1345442114,1,[32566],10,0,[32566],0.0,0,[32566],0.0
ChickRx,https://s3.amazonaws.com/photos.angel.co/startups/i/61743-de593b08494fcc62e698af37cbfb540b-medium_jpg.jpg?buster=1339455050,61743,Stacey Borden,230,https://s3.amazonaws.com/photos.angel.co/users/53176-medium_jpg?1338338648,1,[61743],8,0,[61743],0.0,0,[61743],0.0
ChickRx,https://s3.amazonaws.com/photos.angel.co/startups/i/61743-de593b08494fcc62e698af37cbfb540b-medium_jpg.jpg?buster=1339455050,61743,Meghan Muntean,35,https://s3.amazonaws.com/photos.angel.co/users/137354-medium_jpg?1339464394,1,[61743],8,0,[61743],0.0,0,[61743],0.0
Chirply,https://s3.amazonaws.com/photos.angel.co/startups/i/34172-d5599b7abccd7a0e37a38f5a93f7baf3-medium_jpg.jpg?buster=1326844249,34172,Gagan Palrecha,452,https://s3.amazonaws.com/photos.angel.co/users/26893-medium_jpg?1333220735,3,"[79913, 79912, 34172]",14,0,"[79913, 79912, 34172]",0.0,0,"[79913, 79912, 34172]",0.0
Chirply,https://s3.amazonaws.com/photos.angel.co/startups/i/34172-d5599b7abccd7a0e37a38f5a93f7baf3-medium_jpg.jpg?buster=1326844249,34172,Neel Palrecha,63,https://s3.amazonaws.com/photos.angel.co/users/37590-medium_jpg?1308072558,0.0,[],0.0,0.0,[],0.0,0.0,[],0.0
Chute,https://s3.amazonaws.com/photos.angel.co/startups/i/4041-8f1ef92c98a328c556446b9b77d0a31e-medium_jpg.jpg?buster=1332972485,4041,Gregarious Narain,1050,https://s3.amazonaws.com/photos.angel.co/users/29782-medium_jpg?1307111142,2,"[40543, 4041]",12,0,"[40543, 4041]",0.0,0,"[40543, 4041]",0.0
Chute,https://s3.amazonaws.com/photos.angel.co/startups/i/4041-8f1ef92c98a328c556446b9b77d0a31e-medium_jpg.jpg?buster=1332972485,4041,Gaurav Sharma,100,https://s3.amazonaws.com/photos.angel.co/users/35891-medium_jpg?1342439631,1,[4041],10,0,[4041],0.0,0,[4041],0.0
Chute,https://s3.amazonaws.com/photos.angel.co/startups/i/4041-8f1ef92c98a328c556446b9b77d0a31e-medium_jpg.jpg?buster=1332972485,4041,Ranvir Gujral,212,https://s3.amazonaws.com/photos.angel.co/users/8965-medium_jpg?1304010563,1,[4041],10,1,[4041],7,0,[4041],0.0
Clever,https://s3.amazonaws.com/photos.angel.co/startups/i/114426-35f998fe322ec70969f2c3c932b2caf3-medium_jpg.jpg?buster=1374453333,114426,Tyler Bosmeny,219,https://s3.amazonaws.com/photos.angel.co/users/162632-medium_jpg?1345182532,1,[114426],10,0,[114426],0.0,0,[114426],0.0
Clever,https://s3.amazonaws.com/photos.angel.co/startups/i/114426-35f998fe322ec70969f2c3c932b2caf3-medium_jpg.jpg?buster=1374453333,114426,Dan Carroll,334,https://s3.amazonaws.com/photos.angel.co/users/77975-medium_jpg?1345187986,1,[114426],10,0,[114426],0.0,0,[114426],0.0
Clever,https://s3.amazonaws.com/photos.angel.co/startups/i/114426-35f998fe322ec70969f2c3c932b2caf3-medium_jpg.jpg?buster=1374453333,114426,Rafael Garcia,75,https://s3.amazonaws.com/photos.angel.co/users/162636-medium_jpg?1369707554,1,[114426],10,0,[114426],0.0,0,[114426],0.0
Clickpass,https://angel.co/images/shared/nopic_startup.png,32106,Immad Akhund,509,https://s3.amazonaws.com/photos.angel.co/users/32384-medium_jpg?1305222703,2,"[32106, 17068]",19,0,"[32106, 17068]",0.0,0,"[32106, 17068]",0.0
Clickpass,https://angel.co/images/shared/nopic_startup.png,32106,Peter Nixey,303,https://s3.amazonaws.com/photos.angel.co/users/2809-medium_jpg?1351121426,2,"[32106, 29032]",15,0,"[32106, 29032]",0.0,0,"[32106, 29032]",0.0
Cody,https://s3.amazonaws.com/photos.angel.co/startups/i/117039-9e44427a5a381a23f6193407484930a4-medium_jpg.jpg?buster=1381885172,117039,Pejman Pour-Moezzi,189,https://s3.amazonaws.com/photos.angel.co/users/71101-medium_jpg?1345766895,2,"[2800, 117039]",13,0,"[2800, 117039]",0.0,0,"[2800, 117039]",0.0
Cody,https://s3.amazonaws.com/photos.angel.co/startups/i/117039-9e44427a5a381a23f6193407484930a4-medium_jpg.jpg?buster=1381885172,117039,Paul Javid,46,https://s3.amazonaws.com/photos.angel.co/users/165706-medium_jpg?1345766026,1,[117039],5,0,[117039],0.0,0,[117039],0.0
Coinbase,https://s3.amazonaws.com/photos.angel.co/startups/i/109557-a145b688c8b2ca5f2f190f83be53a8bd-medium_jpg.jpg?buster=1346821681,109557,Brian Armstrong,308,https://s3.amazonaws.com/photos.angel.co/users/100873-medium_jpg?1346821636,1,[109557],10,0,[109557],0.0,0,[109557],0.0
Coinbase,https://s3.amazonaws.com/photos.angel.co/startups/i/109557-a145b688c8b2ca5f2f190f83be53a8bd-medium_jpg.jpg?buster=1346821681,109557,Fred Ehrsam,125,https://s3.amazonaws.com/photos.angel.co/users/118564-medium_jpg?1334707955,1,[109557],10,0,[109557],0.0,0,[109557],0.0
Counsyl,https://s3.amazonaws.com/photos.angel.co/startups/i/35667-f31788f9b2270d16584c952b2056a0b4-medium_jpg.jpg?buster=1326845336,35667,Rishi Kacker,45,https://s3.amazonaws.com/photos.angel.co/users/198429-medium_jpg?1353103828,2,"[35667, 33236]",17,0,"[35667, 33236]",0.0,0,"[35667, 33236]",0.0
Counsyl,https://s3.amazonaws.com/photos.angel.co/startups/i/35667-f31788f9b2270d16584c952b2056a0b4-medium_jpg.jpg?buster=1326845336,35667,Ramji Srinivasan,118,https://s3.amazonaws.com/photos.angel.co/users/189680-medium_jpg?1351196301,1,[35667],10,0,[35667],0.0,0,[35667],0.0
Couple,https://s3.amazonaws.com/photos.angel.co/startups/i/77770-9937ffb3ac2668fd0050d939f07d9ab0-medium_jpg.jpg?buster=1361399235,77770,Michael Petrov,121,https://s3.amazonaws.com/photos.angel.co/users/108677-medium_jpg?1372232828,2,"[55514, 77770]",16,0,"[55514, 77770]",0.0,0,"[55514, 77770]",0.0
Couple,https://s3.amazonaws.com/photos.angel.co/startups/i/77770-9937ffb3ac2668fd0050d939f07d9ab0-medium_jpg.jpg?buster=1361399235,77770,Aswinkumar Rajendiran,156,https://s3.amazonaws.com/photos.angel.co/users/108676-medium_jpg?1332381930,2,"[55514, 77770]",16,0,"[55514, 77770]",0.0,0,"[55514, 77770]",0.0
Couple,https://s3.amazonaws.com/photos.angel.co/startups/i/77770-9937ffb3ac2668fd0050d939f07d9ab0-medium_jpg.jpg?buster=1361399235,77770,Oleg Kostour,190,https://s3.amazonaws.com/photos.angel.co/users/108672-medium_jpg?1332380694,2,"[55514, 77770]",16,0,"[55514, 77770]",0.0,0,"[55514, 77770]",0.0
Couple,https://s3.amazonaws.com/photos.angel.co/startups/i/77770-9937ffb3ac2668fd0050d939f07d9ab0-medium_jpg.jpg?buster=1361399235,77770,Jamie Murai,100,https://s3.amazonaws.com/photos.angel.co/users/72078-medium_jpg?1380335378,2,"[55514, 77770]",16,0,"[55514, 77770]",0.0,0,"[55514, 77770]",0.0
Couple,https://s3.amazonaws.com/photos.angel.co/startups/i/77770-9937ffb3ac2668fd0050d939f07d9ab0-medium_jpg.jpg?buster=1361399235,77770,Anton Krutiansky,117,https://s3.amazonaws.com/photos.angel.co/users/109878-medium_jpg?1332743514,2,"[55514, 77770]",16,0,"[55514, 77770]",0.0,0,"[55514, 77770]",0.0
CrowdMed,https://s3.amazonaws.com/photos.angel.co/startups/i/129941-38e426ff63e179f8402b9b6874678f24-medium_jpg.jpg?buster=1385087064,129941,Leonardo Setyanto,19,https://s3.amazonaws.com/photos.angel.co/users/152959-medium_jpg?1364521590,1,[129941],10,0,[129941],0.0,0,[129941],0.0
CrowdMed,https://s3.amazonaws.com/photos.angel.co/startups/i/129941-38e426ff63e179f8402b9b6874678f24-medium_jpg.jpg?buster=1385087064,129941,Jared Heyman,123,https://s3.amazonaws.com/photos.angel.co/users/136417-medium_jpg?1352242817,1,[129941],10,3,[129941],14,0,[129941],0.0
CrowdMed,https://s3.amazonaws.com/photos.angel.co/startups/i/129941-38e426ff63e179f8402b9b6874678f24-medium_jpg.jpg?buster=1385087064,129941,Jessica Greenwalt,12,https://s3.amazonaws.com/photos.angel.co/users/318053-medium_jpg?1370629833,1,[129941],10,0,[129941],0.0,0,[129941],0.0
Crowdtilt,https://s3.amazonaws.com/photos.angel.co/startups/i/22287-919326ea5bbae79b4b8744dede3e87d8-medium_jpg.jpg?buster=1322855194,22287,Khaled Hussein,129,https://s3.amazonaws.com/photos.angel.co/users/64829-medium_jpg?1318616805,1,[22287],10,0,[22287],0.0,0,[22287],0.0
Crowdtilt,https://s3.amazonaws.com/photos.angel.co/startups/i/22287-919326ea5bbae79b4b8744dede3e87d8-medium_jpg.jpg?buster=1322855194,22287,James Beshara,81,https://s3.amazonaws.com/photos.angel.co/users/48459-medium_jpg?1330027571,1,[22287],10,0,[22287],0.0,0,[22287],0.0
DailyBooth,https://s3.amazonaws.com/photos.angel.co/startups/i/32122-9440da8a06b432ccb75c9484f8208660-medium_jpg.jpg?buster=1326842376,32122,Jon Wheatley ,316,https://s3.amazonaws.com/photos.angel.co/users/44028-medium_jpg?1348525449,2,"[212532, 32122]",14,1,"[212532, 32122]",3,0,"[212532, 32122]",0.0
DailyBurn,https://angel.co/images/shared/nopic_startup.png,NULL,Andy Smith,75,https://s3.amazonaws.com/photos.angel.co/users/280131-medium_jpg?1365097582,1,[32123],9,1,[32123],6,0,[32123],0.0
Disqus,https://s3.amazonaws.com/photos.angel.co/startups/i/3295-7c0fcfb74aed7fd5796b1a543a4b81f4-medium_jpg.jpg?buster=1315740598,3295,Daniel Ha,47,https://s3.amazonaws.com/photos.angel.co/users/9731-medium_jpg?1306919396,1,[3295],10,0,[3295],0.0,0,[3295],0.0
Disqus,https://s3.amazonaws.com/photos.angel.co/startups/i/3295-7c0fcfb74aed7fd5796b1a543a4b81f4-medium_jpg.jpg?buster=1315740598,3295,Jason Yan,114,https://s3.amazonaws.com/photos.angel.co/users/9835-medium_jpg?1306919400,1,[3295],10,0,[3295],0.0,0,[3295],0.0
Docphin,https://s3.amazonaws.com/photos.angel.co/startups/i/27231-96b2add821dc918284081dde71a3e8c3-medium_jpg.jpg?buster=1362667003,27231,Derek Juang,31,https://s3.amazonaws.com/photos.angel.co/users/69355-medium_jpg?1320110184,1,[27231],8,0,[27231],0.0,0,[27231],0.0
Docphin,https://s3.amazonaws.com/photos.angel.co/startups/i/27231-96b2add821dc918284081dde71a3e8c3-medium_jpg.jpg?buster=1362667003,27231,"Mitesh Patel, MD, MBA",68,https://s3.amazonaws.com/photos.angel.co/users/69384-medium_jpg?1336323322,1,[27231],8,0,[27231],0.0,0,[27231],0.0
Docphin,https://s3.amazonaws.com/photos.angel.co/startups/i/27231-96b2add821dc918284081dde71a3e8c3-medium_jpg.jpg?buster=1362667003,27231,Sachin Nanavati,122,https://s3.amazonaws.com/photos.angel.co/users/69329-medium_jpg?1320098635,1,[27231],8,0,[27231],0.0,0,[27231],0.0
DoubleRecall,https://s3.amazonaws.com/photos.angel.co/startups/i/29047-f584cd402acd4ace572aa877062a9450-medium_jpg.jpg?buster=1321986218,29047,Miha Rebernik,114,https://s3.amazonaws.com/photos.angel.co/users/97009-medium_jpg?1329406947,2,"[85258, 29047]",14,0,"[85258, 29047]",0.0,0,"[85258, 29047]",0.0
DoubleRecall,https://s3.amazonaws.com/photos.angel.co/startups/i/29047-f584cd402acd4ace572aa877062a9450-medium_jpg.jpg?buster=1321986218,29047,Rok Krulec,112,https://s3.amazonaws.com/photos.angel.co/users/56360-medium_jpg?1358618794,1,[29047],9,0,[29047],0.0,0,[29047],0.0
DoubleRecall,https://s3.amazonaws.com/photos.angel.co/startups/i/29047-f584cd402acd4ace572aa877062a9450-medium_jpg.jpg?buster=1321986218,29047,Robert Farazin,70,https://s3.amazonaws.com/photos.angel.co/users/96126-medium_jpg?1370937377,2,"[221677, 29047]",13,0,"[221677, 29047]",0.0,0,"[221677, 29047]",0.0
DoubleRecall,https://s3.amazonaws.com/photos.angel.co/startups/i/29047-f584cd402acd4ace572aa877062a9450-medium_jpg.jpg?buster=1321986218,29047,Rok Gregorič,58,https://s3.amazonaws.com/photos.angel.co/users/96156-medium_jpg?1329199156,1,[29047],9,0,[29047],0.0,0,[29047],0.0
DraftKings,https://s3.amazonaws.com/photos.angel.co/startups/i/31888-825265e74f51efb18569e0ab8e37b728-medium_jpg.jpg?buster=1359607874,31888,Paul Liberman,17,https://s3.amazonaws.com/photos.angel.co/users/87085-medium_jpg?1330034007,1,[31888],9,0,[31888],0.0,0,[31888],0.0
DraftKings,https://s3.amazonaws.com/photos.angel.co/startups/i/31888-825265e74f51efb18569e0ab8e37b728-medium_jpg.jpg?buster=1359607874,31888,Matt Kalish,17,https://s3.amazonaws.com/photos.angel.co/users/52596-medium_jpg?1330354657,1,[31888],9,0,[31888],0.0,0,[31888],0.0
DraftKings,https://s3.amazonaws.com/photos.angel.co/startups/i/31888-825265e74f51efb18569e0ab8e37b728-medium_jpg.jpg?buster=1359607874,31888,Jason Robins,14,https://s3.amazonaws.com/photos.angel.co/users/87080-medium_jpg?1330446092,1,[31888],9,0,[31888],0.0,0,[31888],0.0
drchrono,https://s3.amazonaws.com/photos.angel.co/startups/i/3473-50310418d96a904694d86a8215171551-medium_jpg.jpg?buster=1335839081,3473,Daniel Kivatinos,476,https://s3.amazonaws.com/photos.angel.co/users/123536-medium_jpg?1335865528,1,[3473],10,0,[3473],0.0,1,[3473],10
drchrono,https://s3.amazonaws.com/photos.angel.co/startups/i/3473-50310418d96a904694d86a8215171551-medium_jpg.jpg?buster=1335839081,3473,Michael Nusimow,155,https://s3.amazonaws.com/photos.angel.co/users/185446-medium_jpg?1377800648,1,[3473],10,0,[3473],0.0,1,[3473],10
Earbits,https://s3.amazonaws.com/photos.angel.co/startups/i/517-c81b058ce0da2b97b1e09d00cc04c0dd-medium_jpg.jpg?buster=1315770890,517,Joey Flores,389,https://s3.amazonaws.com/photos.angel.co/users/1397-medium_jpg?1308558009,1,[517],9,0,[517],0.0,1,[517],9
Earbits,https://s3.amazonaws.com/photos.angel.co/startups/i/517-c81b058ce0da2b97b1e09d00cc04c0dd-medium_jpg.jpg?buster=1315770890,517,Yotam Rosenbaum,18,https://s3.amazonaws.com/photos.angel.co/users/28518-medium_jpg?1304060227,1,[517],9,0,[517],0.0,1,[517],9
Earbits,https://s3.amazonaws.com/photos.angel.co/startups/i/517-c81b058ce0da2b97b1e09d00cc04c0dd-medium_jpg.jpg?buster=1315770890,517,Benjamin Bryant,49,https://s3.amazonaws.com/photos.angel.co/users/118145-medium_jpg?1339395382,1,[517],9,0,[517],0.0,0,[517],0.0
EveryMove,https://s3.amazonaws.com/photos.angel.co/startups/i/21584-61e7adac2a97f0b328b58f3a60d7b109-medium_jpg.jpg?buster=1315865064,21584,Marcelo Calbucci,781,https://s3.amazonaws.com/photos.angel.co/users/44979-medium_jpg?1311622482,5,"[45886, 45747, 45746, 21600, 21584]",22,0,"[45886, 45747, 45746, 21600, 21584]",0.0,0,"[45886, 45747, 45746, 21600, 21584]",0.0
EveryMove,https://s3.amazonaws.com/photos.angel.co/startups/i/21584-61e7adac2a97f0b328b58f3a60d7b109-medium_jpg.jpg?buster=1315865064,21584,Russell Benaroya,302,https://s3.amazonaws.com/photos.angel.co/users/45110-medium_jpg?1311659026,3,"[45917, 45916, 21584]",12,6,"[45917, 45916, 21584]",16,0,"[45917, 45916, 21584]",0.0
Exec,https://s3.amazonaws.com/photos.angel.co/startups/i/76645-b921b47d5be232e71d18b3794707fa1a-medium_jpg.jpg?buster=1331922333,76645,Justin Kan,2317,https://s3.amazonaws.com/photos.angel.co/users/34628-medium_jpg?1359614693,5,"[79618, 114142, 76645, 48403, 32244]",37,10,"[79618, 114142, 76645, 48403, 32244]",91,1,"[79618, 114142, 76645, 48403, 32244]",8
Exec,https://s3.amazonaws.com/photos.angel.co/startups/i/76645-b921b47d5be232e71d18b3794707fa1a-medium_jpg.jpg?buster=1331922333,76645,Daniel Kan,27,https://graph.facebook.com/dkan09/picture?type=square,1,[76645],9,0,[76645],0.0,0,[76645],0.0
Exec,https://s3.amazonaws.com/photos.angel.co/startups/i/76645-b921b47d5be232e71d18b3794707fa1a-medium_jpg.jpg?buster=1331922333,76645,Amir Ghazvinian,3,https://s3.amazonaws.com/photos.angel.co/users/292078-medium_jpg?1366838450,1,[76645],9,0,[76645],0.0,0,[76645],0.0
Fabricly,https://s3.amazonaws.com/photos.angel.co/startups/i/52787-1e6161583d878daf76da9b4e39c5dd58-medium_jpg.jpg?buster=1372369176,52787,Tom Riley,6,https://s3.amazonaws.com/photos.angel.co/users/179848-medium_jpg?1372031450,3,"[52787, 226214, 226213]",12,0,"[52787, 226214, 226213]",0.0,0,"[52787, 226214, 226213]",0.0
FamilyLeaf,https://s3.amazonaws.com/photos.angel.co/startups/i/78224-5f59503bb281638f2da2832b0ddf76d2-medium_jpg.jpg?buster=1332756552,78224,Ajay Mehta,288,https://s3.amazonaws.com/photos.angel.co/users/8971-medium_jpg?1333670531,1,[78224],9,0,[78224],0.0,0,[78224],0.0
FamilyLeaf,https://s3.amazonaws.com/photos.angel.co/startups/i/78224-5f59503bb281638f2da2832b0ddf76d2-medium_jpg.jpg?buster=1332756552,78224,Henry Liu,199,https://s3.amazonaws.com/photos.angel.co/users/4290-medium_jpg?1380338678,1,[78224],9,0,[78224],0.0,0,[78224],0.0
FamilyLeaf,https://s3.amazonaws.com/photos.angel.co/startups/i/78224-5f59503bb281638f2da2832b0ddf76d2-medium_jpg.jpg?buster=1332756552,78224,Wesley Zhao,177,https://s3.amazonaws.com/photos.angel.co/users/8983-medium_jpg?1298427684,1,[78224],9,0,[78224],0.0,0,[78224],0.0
FanChatter,https://s3.amazonaws.com/photos.angel.co/startups/i/73437-b42f332832dee6d8cae8e025460db057-medium_jpg.jpg?buster=1330674082,73437,James Ostheimer,64,https://s3.amazonaws.com/photos.angel.co/users/10416-medium_jpg?1314846158,3,"[174269, 73437, 18313]",15,0,"[174269, 73437, 18313]",0.0,0,"[174269, 73437, 18313]",0.0
FanChatter,https://s3.amazonaws.com/photos.angel.co/startups/i/73437-b42f332832dee6d8cae8e025460db057-medium_jpg.jpg?buster=1330674082,73437,Marty Wetherall,82,https://s3.amazonaws.com/photos.angel.co/users/18060-medium_jpg?1300120271,1,[73437],7,0,[73437],0.0,0,[73437],0.0
FitnessKeeper,https://s3.amazonaws.com/photos.angel.co/startups/i/32744-341155a32aeaa6a35338282e9756af99-medium_jpg.jpg?buster=1375315159,32744,Jason Jacobs,366,https://s3.amazonaws.com/photos.angel.co/users/24655-medium_jpg?1352597280,1,[32744],9,0,[32744],0.0,0,[32744],0.0
Fitocracy,https://s3.amazonaws.com/photos.angel.co/startups/i/18937-25d96605a57406758a0f9cbe39b8ecda-medium_jpg.jpg?buster=1333476070,18937,Brian Wang,677,https://s3.amazonaws.com/photos.angel.co/users/34050-medium_jpg?1309316284,1,[18937],8,0,[18937],0.0,0,[18937],0.0
Fitocracy,https://s3.amazonaws.com/photos.angel.co/startups/i/18937-25d96605a57406758a0f9cbe39b8ecda-medium_jpg.jpg?buster=1333476070,18937,Richard Talens,200,https://s3.amazonaws.com/photos.angel.co/users/34163-medium_jpg?1309873328,1,[18937],8,0,[18937],0.0,0,[18937],0.0
FlightCar,https://s3.amazonaws.com/photos.angel.co/startups/i/117187-475195700088695e72bc3dd6870e95e3-medium_jpg.jpg?buster=1345826229,117187,Shri Ganeshram,156,https://s3.amazonaws.com/photos.angel.co/users/165935-medium_jpg?1345826627,1,[117187],9,2,[117187],10,0,[117187],0.0
FlightCar,https://s3.amazonaws.com/photos.angel.co/startups/i/117187-475195700088695e72bc3dd6870e95e3-medium_jpg.jpg?buster=1345826229,117187,Rujul Zaparde,82,https://s3.amazonaws.com/photos.angel.co/users/166061-medium_jpg?1345840283,1,[117187],9,0,[117187],0.0,0,[117187],0.0
FlightCar,https://s3.amazonaws.com/photos.angel.co/startups/i/117187-475195700088695e72bc3dd6870e95e3-medium_jpg.jpg?buster=1345826229,117187,Kevin Petrovic,49,https://s3.amazonaws.com/photos.angel.co/users/166152-medium_jpg?1345867620,1,[117187],9,0,[117187],0.0,0,[117187],0.0
Foodzie,https://s3.amazonaws.com/photos.angel.co/startups/i/27048-308107a8810a423d1987c303d536ca1e-medium_jpg.jpg?buster=1319788007,27048,Nikolaus Bauman,256,https://s3.amazonaws.com/photos.angel.co/users/30980-medium_jpg?1369755253,2,"[27048, 19088]",18,0,"[27048, 19088]",0.0,0,"[27048, 19088]",0.0
Foodzie,https://s3.amazonaws.com/photos.angel.co/startups/i/27048-308107a8810a423d1987c303d536ca1e-medium_jpg.jpg?buster=1319788007,27048,Rob LaFave,729,https://s3.amazonaws.com/photos.angel.co/users/68670-medium_jpg?1381876838,1,[27048],10,0,[27048],0.0,0,[27048],0.0
Foodzie,https://s3.amazonaws.com/photos.angel.co/startups/i/27048-308107a8810a423d1987c303d536ca1e-medium_jpg.jpg?buster=1319788007,27048,Emily Olson,129,https://s3.amazonaws.com/photos.angel.co/users/68676-medium_jpg?1345652311,1,[27048],10,0,[27048],0.0,0,[27048],0.0
GazeHawk,https://s3.amazonaws.com/photos.angel.co/startups/i/22663-30af57fe0b38a2865edfad38b73669f4-medium_jpg.jpg?buster=1315730836,22663,Brian Krausz,302,https://s3.amazonaws.com/photos.angel.co/users/50371-medium_jpg?1313186198,1,[22663],10,0,[22663],0.0,0,[22663],0.0
GazeHawk,https://s3.amazonaws.com/photos.angel.co/startups/i/22663-30af57fe0b38a2865edfad38b73669f4-medium_jpg.jpg?buster=1315730836,22663,Joe Gershenson,50,https://s3.amazonaws.com/photos.angel.co/users/50383-medium_jpg?1313188406,1,[22663],10,0,[22663],0.0,0,[22663],0.0
Geckoboard,https://s3.amazonaws.com/photos.angel.co/startups/i/29381-31393c8f0b83a8df0e3f78e680c3e2c0-medium_jpg.jpg?buster=1326898359,29381,Rob Hudson,43,https://s3.amazonaws.com/photos.angel.co/users/78649-medium_jpg?1323199317,1,[29381],8,0,[29381],0.0,0,[29381],0.0
Geckoboard,https://s3.amazonaws.com/photos.angel.co/startups/i/29381-31393c8f0b83a8df0e3f78e680c3e2c0-medium_jpg.jpg?buster=1326898359,29381,Paul Joyce,68,https://s3.amazonaws.com/photos.angel.co/users/76094-medium_jpg?1322216033,1,[29381],8,0,[29381],0.0,0,[29381],0.0
Genomera,https://s3.amazonaws.com/photos.angel.co/startups/i/797-40e905170a1d4e18bff5593c02bebb66-medium_jpg.jpg?buster=1315770819,797,Greg Biggers,363,https://s3.amazonaws.com/photos.angel.co/users/1884-medium_jpg?1294804007,4,"[275025, 35729, 66943, 797]",17,5,"[275025, 35729, 66943, 797]",13,0,"[275025, 35729, 66943, 797]",0.0
Genomera,https://s3.amazonaws.com/photos.angel.co/startups/i/797-40e905170a1d4e18bff5593c02bebb66-medium_jpg.jpg?buster=1315770819,797,Andrew Field,26,https://s3.amazonaws.com/photos.angel.co/users/4277-medium_jpg?1294804643,1,[797],8,0,[797],0.0,0,[797],0.0
Genomera,https://s3.amazonaws.com/photos.angel.co/startups/i/797-40e905170a1d4e18bff5593c02bebb66-medium_jpg.jpg?buster=1315770819,797,Jonathan Zempel,23,https://s3.amazonaws.com/photos.angel.co/users/37325-medium_jpg?1308106439,1,[797],8,0,[797],0.0,0,[797],0.0
GinzaMetrics,https://s3.amazonaws.com/photos.angel.co/startups/i/1410-96476610c318aa9c0078456f7df388c7-medium_jpg.jpg?buster=1327613191,1410,Ray Grieselhuber,608,https://s3.amazonaws.com/photos.angel.co/users/3243-medium_jpg?1363624724,1,[1410],10,3,[1410],21,0,[1410],0.0
Glassmap,https://s3.amazonaws.com/photos.angel.co/startups/i/130560-3496c6c0d9952f25053e791a2ee7b3cd-medium_jpg.jpg?buster=1350499124,130560,Geoffrey Woo,166,https://s3.amazonaws.com/photos.angel.co/users/134776-medium_jpg?1338786828,1,[130560],7,0,[130560],0.0,0,[130560],0.0
Glassmap,https://s3.amazonaws.com/photos.angel.co/startups/i/130560-3496c6c0d9952f25053e791a2ee7b3cd-medium_jpg.jpg?buster=1350499124,130560,Jono Chang,8,https://graph.facebook.com/jonochang/picture?type=square,1,[130560],7,0,[130560],0.0,0,[130560],0.0
Glassmap,https://s3.amazonaws.com/photos.angel.co/startups/i/130560-3496c6c0d9952f25053e791a2ee7b3cd-medium_jpg.jpg?buster=1350499124,130560,Jon Zhang,30,https://graph.facebook.com/jon.zhang/picture?type=square,0.0,[],0.0,0.0,[],0.0,0.0,[],0.0
HealthRally,https://s3.amazonaws.com/photos.angel.co/startups/i/1787-a9208029d76e1ac8077ad75d52da13a0-medium_jpg.jpg?buster=1315770378,1787,Peter Kaminski,183,https://s3.amazonaws.com/photos.angel.co/users/27187-medium_jpg?1302883521,5,"[42918, 42917, 42916, 32442, 1787]",20,0,"[42918, 42917, 42916, 32442, 1787]",0.0,0,"[42918, 42917, 42916, 32442, 1787]",0.0
HealthRally,https://s3.amazonaws.com/photos.angel.co/startups/i/1787-a9208029d76e1ac8077ad75d52da13a0-medium_jpg.jpg?buster=1315770378,1787,Zack Lynch,184,https://s3.amazonaws.com/photos.angel.co/users/4218-medium_jpg?1294804624,4,"[52980, 52979, 52978, 1787]",13,1,"[52980, 52979, 52978, 1787]",2,0,"[52980, 52979, 52978, 1787]",0.0
Heyzap,https://s3.amazonaws.com/photos.angel.co/startups/i/17068-ba386cdbccb22f8d949681112d5cd5a5-medium_jpg.jpg?buster=1366686568,17068,Jude Gomila,3629,https://s3.amazonaws.com/photos.angel.co/users/9505-medium_jpg?1305222963,1,[17068],10,5,[17068],47,0,[17068],0.0
Heyzap,https://s3.amazonaws.com/photos.angel.co/startups/i/17068-ba386cdbccb22f8d949681112d5cd5a5-medium_jpg.jpg?buster=1366686568,17068,Immad Akhund,509,https://s3.amazonaws.com/photos.angel.co/users/32384-medium_jpg?1305222703,2,"[32106, 17068]",19,0,"[32106, 17068]",0.0,0,"[32106, 17068]",0.0
HighlightCam,https://s3.amazonaws.com/photos.angel.co/startups/i/103843-ba1c1866053693163fc0ad2c2527a600-medium_jpg.jpg?buster=1341971736,103843,Michael Katsevman,68,https://s3.amazonaws.com/photos.angel.co/users/147715-medium_jpg?1365533347,1,[103843],8,0,[103843],0.0,0,[103843],0.0
HighlightCam,https://s3.amazonaws.com/photos.angel.co/startups/i/103843-ba1c1866053693163fc0ad2c2527a600-medium_jpg.jpg?buster=1341971736,103843,Michael J.T. O'Kelly,11,https://s3.amazonaws.com/photos.angel.co/users/192303-medium_jpg?1351784429,1,[103843],8,0,[103843],0.0,0,[103843],0.0
Homejoy,https://s3.amazonaws.com/photos.angel.co/startups/i/34598-c7c7f738905c910032e53aa6f9ba5813-medium_jpg.jpg?buster=1362891877,34598,Aaron Cheung,46,https://s3.amazonaws.com/photos.angel.co/users/216276-medium_jpg?1356591732,1,[34598],10,0,[34598],0.0,0,[34598],0.0
Homejoy,https://s3.amazonaws.com/photos.angel.co/startups/i/34598-c7c7f738905c910032e53aa6f9ba5813-medium_jpg.jpg?buster=1362891877,34598,Adora Cheung,106,https://s3.amazonaws.com/photos.angel.co/users/184538-medium_jpg?1349939756,1,[34598],10,0,[34598],0.0,0,[34598],0.0
iCracked,https://s3.amazonaws.com/photos.angel.co/startups/i/79259-04f6ff52ae8799ba2721cf1a6f7df88f-medium_jpg.jpg?buster=1376930863,79259,Anthony Martin,100,https://s3.amazonaws.com/photos.angel.co/users/111205-medium_jpg?1376929878,1,[79259],10,0,[79259],0.0,0,[79259],0.0
iCracked,https://s3.amazonaws.com/photos.angel.co/startups/i/79259-04f6ff52ae8799ba2721cf1a6f7df88f-medium_jpg.jpg?buster=1376930863,79259,AJ Forsythe,70,https://s3.amazonaws.com/photos.angel.co/users/111192-medium_jpg?1358374953,1,[79259],10,0,[79259],0.0,0,[79259],0.0
inDinero,https://s3.amazonaws.com/photos.angel.co/startups/i/153921-2a4c75afc6d2ebac33e9acf20bdc4448-medium_jpg.jpg?buster=1357603494,153921,Jessica Mah,447,https://s3.amazonaws.com/photos.angel.co/users/16846-medium_jpg?1332998108,1,[153921],9,0,[153921],0.0,0,[153921],0.0
inDinero,https://s3.amazonaws.com/photos.angel.co/startups/i/153921-2a4c75afc6d2ebac33e9acf20bdc4448-medium_jpg.jpg?buster=1357603494,153921,Andy Su,32,https://angel.co/images/shared/nopic.png,1,[153921],9,0,[153921],0.0,0,[153921],0.0
Influitive,https://s3.amazonaws.com/photos.angel.co/startups/i/1266-99045f67f6956c90613ef42aff0eddfd-medium_jpg.jpg?buster=1315770630,1266,David Crow,1569,https://s3.amazonaws.com/photos.angel.co/users/3041-medium_jpg?1357330286,1,[1266],9,6,[1266],32,0,[1266],0.0
Influitive,https://s3.amazonaws.com/photos.angel.co/startups/i/1266-99045f67f6956c90613ef42aff0eddfd-medium_jpg.jpg?buster=1315770630,1266,Mark Organ,843,https://s3.amazonaws.com/photos.angel.co/users/2934-medium_jpg?1306897781,2,"[32907, 1266]",15,2,"[32907, 1266]",7,0,"[32907, 1266]",0.0
Instacart,https://s3.amazonaws.com/photos.angel.co/startups/i/131716-ec50ba6b52bf0edc889bc3a6dae17493-medium_jpg.jpg?buster=1373474641,131716,Brandon Leonardo,613,https://s3.amazonaws.com/photos.angel.co/users/1-medium_jpg?1294803443,1,[131716],9,0,[131716],0.0,0,[131716],0.0
Instacart,https://s3.amazonaws.com/photos.angel.co/startups/i/131716-ec50ba6b52bf0edc889bc3a6dae17493-medium_jpg.jpg?buster=1373474641,131716,Max Mullen,247,https://s3.amazonaws.com/photos.angel.co/users/22976-medium_jpg?1383514543,1,[131716],9,0,[131716],0.0,0,[131716],0.0
Instacart,https://s3.amazonaws.com/photos.angel.co/startups/i/131716-ec50ba6b52bf0edc889bc3a6dae17493-medium_jpg.jpg?buster=1373474641,131716,Apoorva Mehta,161,https://s3.amazonaws.com/photos.angel.co/users/7941-medium_jpg?1308169221,1,[131716],9,0,[131716],0.0,0,[131716],0.0
InVenture,https://s3.amazonaws.com/photos.angel.co/startups/i/24322-99810a874bee29a5f577d9d6ab67a120-medium_jpg.jpg?buster=1316036141,24322,Shivani Siroya,528,https://s3.amazonaws.com/photos.angel.co/users/15070-medium_jpg?1318551367,1,[24322],7,0,[24322],0.0,0,[24322],0.0
InVenture,https://s3.amazonaws.com/photos.angel.co/startups/i/24322-99810a874bee29a5f577d9d6ab67a120-medium_jpg.jpg?buster=1316036141,24322,Jon Blackwell,37,https://s3.amazonaws.com/photos.angel.co/users/43849-medium_jpg?1364618346,2,"[24322, 21294]",11,0,"[24322, 21294]",0.0,0,"[24322, 21294]",0.0
Kaleidoscope,https://angel.co/images/shared/nopic_startup.png,181085,Ted William B. Regan,6,https://angel.co/images/shared/nopic.png,2,"[181085, 181080]",4,0,"[181085, 181080]",0.0,0,"[181085, 181080]",0.0
Kamcord,https://s3.amazonaws.com/photos.angel.co/startups/i/115146-2109c6f07c0d6129664996e911547dd1-medium_jpg.jpg?buster=1371355611,115146,Matt Zitzmann,129,https://s3.amazonaws.com/photos.angel.co/users/119788-medium_jpg?1371352765,1,[115146],9,0,[115146],0.0,0,[115146],0.0
Kamcord,https://s3.amazonaws.com/photos.angel.co/startups/i/115146-2109c6f07c0d6129664996e911547dd1-medium_jpg.jpg?buster=1371355611,115146,Aditya Rathnam,96,https://s3.amazonaws.com/photos.angel.co/users/140579-medium_jpg?1345262704,1,[115146],9,0,[115146],0.0,0,[115146],0.0
Kamcord,https://s3.amazonaws.com/photos.angel.co/startups/i/115146-2109c6f07c0d6129664996e911547dd1-medium_jpg.jpg?buster=1371355611,115146,Kevin Wang,76,https://s3.amazonaws.com/photos.angel.co/users/163151-medium_jpg?1345261216,1,[115146],9,0,[115146],0.0,0,[115146],0.0
Kicksend,https://s3.amazonaws.com/photos.angel.co/startups/i/6028-a0c3f0a97d12c54c8a6fd64f933f759f-medium_jpg.jpg?buster=1354618605,6028,Brendan G. Lim,141,https://s3.amazonaws.com/photos.angel.co/users/14082-medium_jpg?1368598767,1,[6028],10,0,[6028],0.0,0,[6028],0.0
Kicksend,https://s3.amazonaws.com/photos.angel.co/startups/i/6028-a0c3f0a97d12c54c8a6fd64f933f759f-medium_jpg.jpg?buster=1354618605,6028,Pradeep Elankumaran,226,https://s3.amazonaws.com/photos.angel.co/users/10814-medium_jpg?1342417953,1,[6028],10,0,[6028],0.0,0,[6028],0.0
Kinsights,https://s3.amazonaws.com/photos.angel.co/startups/i/20834-7fcc3ca8078702177b81009b3d7ff7e4-medium_jpg.jpg?buster=1386186929,20834,M. Jackson Wilkinson,387,https://s3.amazonaws.com/photos.angel.co/users/25048-medium_jpg?1302043372,1,[20834],7,0,[20834],0.0,0,[20834],0.0
Kinsights,https://s3.amazonaws.com/photos.angel.co/startups/i/20834-7fcc3ca8078702177b81009b3d7ff7e4-medium_jpg.jpg?buster=1386186929,20834,Jennifer Chung,2,https://s3.amazonaws.com/photos.angel.co/users/457468-medium_jpg?1386194945,1,[20834],7,0,[20834],0.0,0,[20834],0.0
Kinsights,https://s3.amazonaws.com/photos.angel.co/startups/i/20834-7fcc3ca8078702177b81009b3d7ff7e4-medium_jpg.jpg?buster=1386186929,20834,Carol Lee Peebles,7,https://s3.amazonaws.com/photos.angel.co/users/41650-medium_jpg?1310184117,1,[20834],7,0,[20834],0.0,0,[20834],0.0
Kinsights,https://s3.amazonaws.com/photos.angel.co/startups/i/20834-7fcc3ca8078702177b81009b3d7ff7e4-medium_jpg.jpg?buster=1386186929,20834,Keith Muth,50,https://s3.amazonaws.com/photos.angel.co/users/41652-medium_jpg?1386189072,1,[20834],7,0,[20834],0.0,0,[20834],0.0
Kippt,https://s3.amazonaws.com/photos.angel.co/startups/i/58059-a50effb231719ad36b3e237d8b925ff2-medium_jpg.jpg?buster=1345425221,58059,Karri Saarinen,401,https://s3.amazonaws.com/photos.angel.co/users/72189-medium_jpg?1363845102,3,"[70581, 58060, 58059]",15,0,"[70581, 58060, 58059]",0.0,0,"[70581, 58060, 58059]",0.0
Kippt,https://s3.amazonaws.com/photos.angel.co/startups/i/58059-a50effb231719ad36b3e237d8b925ff2-medium_jpg.jpg?buster=1345425221,58059,Jori Lallo,304,https://s3.amazonaws.com/photos.angel.co/users/78275-medium_jpg?1323111230,1,[58059],8,0,[58059],0.0,0,[58059],0.0
Lawdingo,https://s3.amazonaws.com/photos.angel.co/startups/i/99336-b950ce44b19f885e2294c954713fbf0d-medium_jpg.jpg?buster=1340506299,99336,Nikhil Nirmel,178,https://s3.amazonaws.com/photos.angel.co/users/113572-medium_jpg?1369784917,1,[99336],8,0,[99336],0.0,0,[99336],0.0
Leaky,https://s3.amazonaws.com/photos.angel.co/startups/i/81396-8aecdd0ff159ebb949ea7e3ce93da24f-medium_jpg.jpg?buster=1361901288,81396,Jason Traff,81,https://s3.amazonaws.com/photos.angel.co/users/53917-medium_jpg?1314379335,3,"[81397, 81396, 23376]",18,0,"[81397, 81396, 23376]",0.0,0,"[81397, 81396, 23376]",0.0
Leaky,https://s3.amazonaws.com/photos.angel.co/startups/i/81396-8aecdd0ff159ebb949ea7e3ce93da24f-medium_jpg.jpg?buster=1361901288,81396,Jake Piccolo,11,https://s3.amazonaws.com/photos.angel.co/users/114669-medium_jpg?1333739337,1,[81396],10,0,[81396],0.0,0,[81396],0.0
Leaky,https://s3.amazonaws.com/photos.angel.co/startups/i/81396-8aecdd0ff159ebb949ea7e3ce93da24f-medium_jpg.jpg?buster=1361901288,81396,Geoffry Sumter,6,https://s3.amazonaws.com/photos.angel.co/users/114672-medium_jpg?1333739757,1,[81396],10,0,[81396],0.0,0,[81396],0.0
Leftronic,https://s3.amazonaws.com/photos.angel.co/startups/i/684-df50c6fa421f42d8b3defcbeef7be153-medium_jpg.jpg?buster=1332280540,684,Lionel Jingles,3,https://angel.co/images/shared/nopic.png,1,[684],9,0,[684],0.0,0,[684],0.0
Listia,https://s3.amazonaws.com/photos.angel.co/startups/i/1347-05cbd11ecf251b69dd79527ceafc3d71-medium_jpg.jpg?buster=1315770591,1347,Gee Chuang,87,https://s3.amazonaws.com/photos.angel.co/users/3104-medium_jpg?1313692009,1,[1347],10,0,[1347],0.0,0,[1347],0.0
Lively,https://s3.amazonaws.com/photos.angel.co/startups/i/265823-41ea88382406950211bde0468f9bc71f-medium_jpg.jpg?buster=1379426530,265823,Ignacio Fanlo,320,https://s3.amazonaws.com/photos.angel.co/users/11537-medium_jpg?1333740071,0,[],0.0,3,[],24,0,[],0.0
Lively,https://s3.amazonaws.com/photos.angel.co/startups/i/265823-41ea88382406950211bde0468f9bc71f-medium_jpg.jpg?buster=1379426530,265823,David Glickman,181,https://s3.amazonaws.com/photos.angel.co/users/121113-medium_jpg?1379427033,1,[265823],5,0,[265823],0.0,0,[265823],0.0
Lively,https://s3.amazonaws.com/photos.angel.co/startups/i/265823-41ea88382406950211bde0468f9bc71f-medium_jpg.jpg?buster=1379426530,265823,Keith Dutton,14,https://angel.co/images/shared/nopic.png,1,[265823],5,0,[265823],0.0,0,[265823],0.0
Mailgun,https://s3.amazonaws.com/photos.angel.co/startups/i/76269-a11d7391346c18703d603cbcceed82b7-medium_jpg.jpg?buster=1390237682,76269,Taylor Wakefield,36,https://s3.amazonaws.com/photos.angel.co/users/401867-medium_jpg?1380058786,1,[76269],10,1,[76269],8,0,[76269],0.0
Mailgun,https://s3.amazonaws.com/photos.angel.co/startups/i/76269-a11d7391346c18703d603cbcceed82b7-medium_jpg.jpg?buster=1390237682,76269,Ev Kontsevoy,126,https://s3.amazonaws.com/photos.angel.co/users/78281-medium_jpg?1323111821,1,[76269],10,0,[76269],0.0,0,[76269],0.0
Mailgun,https://s3.amazonaws.com/photos.angel.co/startups/i/76269-a11d7391346c18703d603cbcceed82b7-medium_jpg.jpg?buster=1390237682,76269,Taylor Wakefield,102,https://s3.amazonaws.com/photos.angel.co/users/106384-medium_jpg?1346032245,1,[76269],10,0,[76269],0.0,0,[76269],0.0
Meddik,https://s3.amazonaws.com/photos.angel.co/startups/i/26507-80cc41501879b33b4b00a9b9320462de-medium_jpg.jpg?buster=1345482788,26507,Benjamin Shyong,135,https://s3.amazonaws.com/photos.angel.co/users/44757-medium_jpg?1319004828,2,"[56064, 26507]",12,0,"[56064, 26507]",0.0,0,"[56064, 26507]",0.0
Meddik,https://s3.amazonaws.com/photos.angel.co/startups/i/26507-80cc41501879b33b4b00a9b9320462de-medium_jpg.jpg?buster=1345482788,26507,Tim Soo,90,https://s3.amazonaws.com/photos.angel.co/users/66390-medium_jpg?1318963437,1,[26507],8,0,[26507],0.0,0,[26507],0.0
MemSQL,https://s3.amazonaws.com/photos.angel.co/startups/i/40574-92d619b2909304031eb9818e5c8a4921-medium_jpg.jpg?buster=1344283609,40574,Eric Frenkiel,278,https://s3.amazonaws.com/photos.angel.co/users/113080-medium_jpg?1333420456,1,[40574],10,0,[40574],0.0,0,[40574],0.0
MemSQL,https://s3.amazonaws.com/photos.angel.co/startups/i/40574-92d619b2909304031eb9818e5c8a4921-medium_jpg.jpg?buster=1344283609,40574,Nikita Shamgunov,107,https://s3.amazonaws.com/photos.angel.co/users/114091-medium_jpg?1333624790,1,[40574],10,0,[40574],0.0,0,[40574],0.0
Mindbloom,https://s3.amazonaws.com/photos.angel.co/startups/i/58332-580978e2d0b4a927a44eb90326ac4b29-medium_jpg.jpg?buster=1326865004,58332,Travis McElfresh,10,https://s3.amazonaws.com/photos.angel.co/users/437069-medium_jpg?1383761417,1,[58332],7,0,[58332],0.0,0,[58332],0.0
Mindbloom,https://s3.amazonaws.com/photos.angel.co/startups/i/58332-580978e2d0b4a927a44eb90326ac4b29-medium_jpg.jpg?buster=1326865004,58332,Brent Poole,62,https://s3.amazonaws.com/photos.angel.co/users/219822-medium_jpg?1357401306,1,[58332],7,1,[58332],4,0,[58332],0.0
Mindbloom,https://s3.amazonaws.com/photos.angel.co/startups/i/58332-580978e2d0b4a927a44eb90326ac4b29-medium_jpg.jpg?buster=1326865004,58332,Paul Ingram,6,https://s3.amazonaws.com/photos.angel.co/users/437124-medium_jpg?1383765563,1,[58332],7,0,[58332],0.0,0,[58332],0.0
MinoMonsters,https://s3.amazonaws.com/photos.angel.co/startups/i/13949-fd2931c307fc7800f6531815d5cef10a-medium_jpg.jpg?buster=1340077450,13949,Josh Buckley,229,https://s3.amazonaws.com/photos.angel.co/users/10565-medium_jpg?1338916325,1,[13949],10,2,[13949],17,0,[13949],0.0
MotherKnows,https://s3.amazonaws.com/photos.angel.co/startups/i/5084-5a0a354a2ae748d4e92a2103c5767aef-medium_jpg.jpg?buster=1350424608,5084,Hesky Kutscher,751,https://s3.amazonaws.com/photos.angel.co/users/5806-medium_jpg?1296960439,3,"[42298, 42297, 5084]",21,12,"[42298, 42297, 5084]",97,0,"[42298, 42297, 5084]",0.0
MotherKnows,https://s3.amazonaws.com/photos.angel.co/startups/i/5084-5a0a354a2ae748d4e92a2103c5767aef-medium_jpg.jpg?buster=1350424608,5084,Paul Sorensen,36,https://s3.amazonaws.com/photos.angel.co/users/182189-medium_jpg?1349335294,1,[5084],9,0,[5084],0.0,0,[5084],0.0
MotherKnows,https://s3.amazonaws.com/photos.angel.co/startups/i/5084-5a0a354a2ae748d4e92a2103c5767aef-medium_jpg.jpg?buster=1350424608,5084,Greg Goff,24,https://s3.amazonaws.com/photos.angel.co/users/17272-medium_jpg?1358894325,1,[5084],9,1,[5084],9,0,[5084],0.0
MyHealthTeams,https://s3.amazonaws.com/photos.angel.co/startups/i/31676-4f7d7b85dd3733fb166760964b938212-medium_jpg.jpg?buster=1326247774,31676,Mary Ray,76,https://s3.amazonaws.com/photos.angel.co/users/86161-medium_jpg?1327960396,1,[31676],8,0,[31676],0.0,0,[31676],0.0
MyHealthTeams,https://s3.amazonaws.com/photos.angel.co/startups/i/31676-4f7d7b85dd3733fb166760964b938212-medium_jpg.jpg?buster=1326247774,31676,Eric Peacock,93,https://s3.amazonaws.com/photos.angel.co/users/86171-medium_jpg?1326245318,1,[31676],8,0,[31676],0.0,0,[31676],0.0
MyVR,https://s3.amazonaws.com/photos.angel.co/startups/i/91049-d371ab472aebc2d7f50a8b62342a18e7-medium_jpg.jpg?buster=1346881328,91049,Jonathan Murray,165,https://s3.amazonaws.com/photos.angel.co/users/129404-medium_jpg?1337296058,2,"[33256, 91049]",15,7,"[33256, 91049]",60,0,"[33256, 91049]",0.0
MyVR,https://s3.amazonaws.com/photos.angel.co/startups/i/91049-d371ab472aebc2d7f50a8b62342a18e7-medium_jpg.jpg?buster=1346881328,91049,Mike Stachowiak,514,https://s3.amazonaws.com/photos.angel.co/users/16636-medium_jpg?1299786488,4,"[91049, 41355, 33256, 41354]",27,10,"[91049, 41355, 33256, 41354]",76,0,"[91049, 41355, 33256, 41354]",0.0
MyVR,https://s3.amazonaws.com/photos.angel.co/startups/i/91049-d371ab472aebc2d7f50a8b62342a18e7-medium_jpg.jpg?buster=1346881328,91049,Markus Nordvik,72,https://s3.amazonaws.com/photos.angel.co/users/80262-medium_jpg?1323825789,1,[91049],10,0,[91049],0.0,0,[91049],0.0
Nomi,https://s3.amazonaws.com/photos.angel.co/startups/i/125432-3ef7ca1d041b04862c04e271008bbf79-medium_jpg.jpg?buster=1361867621,125432,Marc Ferrentino,75,https://angel.co/images/shared/nopic.png,1,[125432],10,0,[125432],0.0,0,[125432],0.0
Nomi,https://s3.amazonaws.com/photos.angel.co/startups/i/125432-3ef7ca1d041b04862c04e271008bbf79-medium_jpg.jpg?buster=1361867621,125432,Wesley Barrow,410,https://s3.amazonaws.com/photos.angel.co/users/119325-medium_jpg?1334875484,1,[125432],10,0,[125432],0.0,0,[125432],0.0
Nomi,https://s3.amazonaws.com/photos.angel.co/startups/i/125432-3ef7ca1d041b04862c04e271008bbf79-medium_jpg.jpg?buster=1361867621,125432,Corey Capasso,1,https://angel.co/images/shared/nopic.png,0.0,[],0.0,0.0,[],0.0,0.0,[],0.0
Noom,https://s3.amazonaws.com/photos.angel.co/startups/i/109072-acb40e7bde18a6c02f67e07fe4b621d9-medium_jpg.jpg?buster=1354000054,109072,Saeju Jeong,67,https://s3.amazonaws.com/photos.angel.co/users/202869-medium_jpg?1354030467,1,[109072],7,0,[109072],0.0,0,[109072],0.0
Notifo,https://angel.co/images/shared/nopic_startup.png,647,Paul Stamatiou,1521,https://s3.amazonaws.com/photos.angel.co/users/1595-medium_jpg?1327545040,3,"[65329, 647, 23064]",18,0,"[65329, 647, 23064]",0.0,0,"[65329, 647, 23064]",0.0
Notifo,https://angel.co/images/shared/nopic_startup.png,647,Chad Etzel,8,https://s3.amazonaws.com/photos.angel.co/users/1594-medium_jpg?1313694680,1,[647],7,0,[647],0.0,0,[647],0.0
Olark,https://s3.amazonaws.com/photos.angel.co/startups/i/55797-6d6ea5e276b8ef305fb35a052d4a4223-medium_jpg.jpg?buster=1326862650,55797,Ben Congleton,41,https://s3.amazonaws.com/photos.angel.co/users/133095-medium_jpg?1338310691,2,"[96487, 55797]",9,1,"[96487, 55797]",8,0,"[96487, 55797]",0.0
Olark,https://s3.amazonaws.com/photos.angel.co/startups/i/55797-6d6ea5e276b8ef305fb35a052d4a4223-medium_jpg.jpg?buster=1326862650,55797,Andrew Fayad,171,https://s3.amazonaws.com/photos.angel.co/users/65906-medium_jpg?1382043002,2,"[197401, 55797]",11,2,"[197401, 55797]",11,0,"[197401, 55797]",0.0
Olark,https://s3.amazonaws.com/photos.angel.co/startups/i/55797-6d6ea5e276b8ef305fb35a052d4a4223-medium_jpg.jpg?buster=1326862650,55797,Roland Osborne,7,https://angel.co/images/shared/nopic.png,1,[55797],7,0,[55797],0.0,0,[55797],0.0
Openbay,https://s3.amazonaws.com/photos.angel.co/startups/i/183516-d5c895e8d7a747c152988005fb4c9535-medium_jpg.jpg?buster=1375155661,183516,Rob Infantino,4,https://s3.amazonaws.com/photos.angel.co/users/349983-medium_jpg?1382552521,1,[183516],6,0,[183516],0.0,0,[183516],0.0
Optimizely,https://s3.amazonaws.com/photos.angel.co/startups/i/32998-45e33954c547f256c086bc09986c5ba5-medium_jpg.jpg?buster=1326843245,32998,Pete Koomen,86,https://s3.amazonaws.com/photos.angel.co/users/190321-medium_jpg?1351352950,1,[32998],10,0,[32998],0.0,0,[32998],0.0
Opzi,https://s3.amazonaws.com/photos.angel.co/startups/i/32934-59e345b62993075a91e000de8bc30b9e-medium_jpg.jpg?buster=1386698127,32934,Euwyn Poon,1924,https://s3.amazonaws.com/photos.angel.co/users/12382-medium_jpg?1299095563,1,[32934],10,1,[32934],10,0,[32934],0.0
PageLever,https://s3.amazonaws.com/photos.angel.co/startups/i/24541-75931a8296c162813019d3bb216eaefc-medium_jpg.jpg?buster=1321347593,24541,Jeff Widman,566,https://s3.amazonaws.com/photos.angel.co/users/56091-medium_jpg?1315374176,2,"[267049, 24541]",15,0,"[267049, 24541]",0.0,0,"[267049, 24541]",0.0
PageLever,https://s3.amazonaws.com/photos.angel.co/startups/i/24541-75931a8296c162813019d3bb216eaefc-medium_jpg.jpg?buster=1321347593,24541,David Turner,201,https://s3.amazonaws.com/photos.angel.co/users/53274-medium_jpg?1316420243,1,[24541],10,0,[24541],0.0,0,[24541],0.0
PagerDuty,https://s3.amazonaws.com/photos.angel.co/startups/i/32606-ccb977f6d323e8bfb5128df59457ac0b-medium_jpg.jpg?buster=1341464488,32606,Alex Solomon,52,https://s3.amazonaws.com/photos.angel.co/users/145435-medium_jpg?1341450047,1,[32606],10,0,[32606],0.0,0,[32606],0.0
PagerDuty,https://s3.amazonaws.com/photos.angel.co/startups/i/32606-ccb977f6d323e8bfb5128df59457ac0b-medium_jpg.jpg?buster=1341464488,32606,Baskar Puvanathasan,23,https://angel.co/images/shared/nopic.png,1,[32606],10,0,[32606],0.0,0,[32606],0.0
PagerDuty,https://s3.amazonaws.com/photos.angel.co/startups/i/32606-ccb977f6d323e8bfb5128df59457ac0b-medium_jpg.jpg?buster=1341464488,32606,Andrew Miklas,39,https://angel.co/images/shared/nopic.png,1,[32606],10,0,[32606],0.0,0,[32606],0.0
Panna,https://s3.amazonaws.com/photos.angel.co/startups/i/88774-e593da1969db5c29d0bb7dd08718056b-medium_jpg.jpg?buster=1336485413,88774,David Ellner,35,https://s3.amazonaws.com/photos.angel.co/users/123785-medium_jpg?1335901698,1,[88774],7,0,[88774],0.0,0,[88774],0.0
Pharmly,https://s3.amazonaws.com/photos.angel.co/startups/i/206333-0b0761fda568caebe78afe9be0bab496-medium_jpg.jpg?buster=1368753258,206333,Kubs Lalchandani,56,https://s3.amazonaws.com/photos.angel.co/users/257399-medium_jpg?1362174100,1,[206333],5,0,[206333],0.0,0,[206333],0.0
Pharmly,https://s3.amazonaws.com/photos.angel.co/startups/i/206333-0b0761fda568caebe78afe9be0bab496-medium_jpg.jpg?buster=1368753258,206333,Samantha Godfrey,57,https://s3.amazonaws.com/photos.angel.co/users/300886-medium_jpg?1377547481,1,[206333],5,0,[206333],0.0,0,[206333],0.0
PlanGrid,https://s3.amazonaws.com/photos.angel.co/startups/i/85839-99cae95d511098f375c6133e08167e03-medium_jpg.jpg?buster=1344459307,85839,Ralph Gootee,12,https://s3.amazonaws.com/photos.angel.co/users/360411-medium_jpg?1377306616,1,[85839],10,0,[85839],0.0,0,[85839],0.0
PlanGrid,https://s3.amazonaws.com/photos.angel.co/startups/i/85839-99cae95d511098f375c6133e08167e03-medium_jpg.jpg?buster=1344459307,85839,Ryan Sutton-Gee,55,https://s3.amazonaws.com/photos.angel.co/users/122639-medium_jpg?1335638268,1,[85839],10,0,[85839],0.0,0,[85839],0.0
Plivo,https://s3.amazonaws.com/photos.angel.co/startups/i/27869-ed69b53f55006fff52d05a61cbc152dc-medium_jpg.jpg?buster=1374723197,27869,Venky,107,https://s3.amazonaws.com/photos.angel.co/users/71427-medium_jpg?1320672976,1,[27869],8,0,[27869],0.0,0,[27869],0.0
Plivo,https://s3.amazonaws.com/photos.angel.co/startups/i/27869-ed69b53f55006fff52d05a61cbc152dc-medium_jpg.jpg?buster=1374723197,27869,Michael Ricordeau,62,https://s3.amazonaws.com/photos.angel.co/users/157631-medium_jpg?1344153910,1,[27869],8,0,[27869],0.0,0,[27869],0.0
popexpert,https://s3.amazonaws.com/photos.angel.co/startups/i/162477-ee6b9bf8df6ac586b9fe0caf44d4e3f5-medium_jpg.jpg?buster=1386372311,162477,Ken Howery,170,https://s3.amazonaws.com/photos.angel.co/users/394541-medium_jpg?1379480538,1,[162477],8,12,[162477],103,2,[162477],16
popexpert,https://s3.amazonaws.com/photos.angel.co/startups/i/162477-ee6b9bf8df6ac586b9fe0caf44d4e3f5-medium_jpg.jpg?buster=1386372311,162477,Ingrid Sanders,336,https://s3.amazonaws.com/photos.angel.co/users/130908-medium_jpg?1377813445,1,[162477],8,1,[162477],3,1,[162477],8
Posterous,https://s3.amazonaws.com/photos.angel.co/startups/i/32366-7781eaf8f83c59aff60bc0f6aea6c6fa-medium_jpg.jpg?buster=1326842607,32366,Garry Tan,6412,https://s3.amazonaws.com/photos.angel.co/users/5773-medium_jpg?1308593969,0,[],0.0,42,[],377,0,[],0.0
Posterous,https://s3.amazonaws.com/photos.angel.co/startups/i/32366-7781eaf8f83c59aff60bc0f6aea6c6fa-medium_jpg.jpg?buster=1326842607,32366,Sachin Agarwal,2678,https://s3.amazonaws.com/photos.angel.co/users/53285-medium_jpg?1314174352,1,[32366],10,2,[32366],20,1,[32366],10
Priceonomics,https://s3.amazonaws.com/photos.angel.co/startups/i/69763-e7410c45bbcb227cf1135a5233dd1f48-medium_jpg.jpg?buster=1329340748,69763,Rohin Dhar,63,https://s3.amazonaws.com/photos.angel.co/users/96794-medium_jpg?1329341294,1,[69763],10,0,[69763],0.0,0,[69763],0.0
Priceonomics,https://s3.amazonaws.com/photos.angel.co/startups/i/69763-e7410c45bbcb227cf1135a5233dd1f48-medium_jpg.jpg?buster=1329340748,69763,Omar Bohsali,23,https://s3.amazonaws.com/photos.angel.co/users/10172-medium_jpg?1367372105,1,[69763],10,0,[69763],0.0,0,[69763],0.0
Pymetrics,https://s3.amazonaws.com/photos.angel.co/startups/i/135880-2b066b8ce65bd793d592f3655545f0d7-medium_jpg.jpg?buster=1387133627,135880,Frida Polli,103,https://s3.amazonaws.com/photos.angel.co/users/195487-medium_jpg?1352490724,1,[135880],7,0,[135880],0.0,0,[135880],0.0
Pymetrics,https://s3.amazonaws.com/photos.angel.co/startups/i/135880-2b066b8ce65bd793d592f3655545f0d7-medium_jpg.jpg?buster=1387133627,135880,Julie Yoo,46,https://s3.amazonaws.com/photos.angel.co/users/195088-medium_jpg?1352402671,1,[135880],7,0,[135880],0.0,0,[135880],0.0
Quartzy,https://s3.amazonaws.com/photos.angel.co/startups/i/1790-1e20e19948d92cbadb180b47948a2124-medium_jpg.jpg?buster=1361921230,1790,Ajoy Sojan,53,https://s3.amazonaws.com/photos.angel.co/users/67714-medium_jpg?1361840619,1,[1790],10,0,[1790],0.0,0,[1790],0.0
Quartzy,https://s3.amazonaws.com/photos.angel.co/startups/i/1790-1e20e19948d92cbadb180b47948a2124-medium_jpg.jpg?buster=1361921230,1790,Jayant Kulkarni,51,https://s3.amazonaws.com/photos.angel.co/users/28827-medium_jpg?1303759242,1,[1790],10,0,[1790],0.0,0,[1790],0.0
Quartzy,https://s3.amazonaws.com/photos.angel.co/startups/i/1790-1e20e19948d92cbadb180b47948a2124-medium_jpg.jpg?buster=1361921230,1790,Adam Regelmann,17,https://s3.amazonaws.com/photos.angel.co/users/67475-medium_jpg?1319498127,1,[1790],10,0,[1790],0.0,0,[1790],0.0
Rapportive,https://s3.amazonaws.com/photos.angel.co/startups/i/2489-1a4e851d33bf478ab5e32751caeecb60-medium_jpg.jpg?buster=1315741259,2489,Rahul Vohra,1139,https://s3.amazonaws.com/photos.angel.co/users/36308-medium_jpg?1320193934,1,[2489],10,3,[2489],25,0,[2489],0.0
ReelSurfer,https://s3.amazonaws.com/photos.angel.co/startups/i/75737-69d01307cdc994c3dfa071621f025be6-medium_jpg.jpg?buster=1344526422,75737,Neil Joglekar,19,https://s3.amazonaws.com/photos.angel.co/users/5106-medium_jpg?1335811718,2,"[74368, 75737]",9,0,"[74368, 75737]",0.0,0,"[74368, 75737]",0.0
ReelSurfer,https://s3.amazonaws.com/photos.angel.co/startups/i/75737-69d01307cdc994c3dfa071621f025be6-medium_jpg.jpg?buster=1344526422,75737,Christian Yang,11,https://s3.amazonaws.com/photos.angel.co/users/5733-medium_jpg?1336338683,1,[75737],7,0,[75737],0.0,0,[75737],0.0
RethinkDB,http://c2journal.com/wp-content/uploads/2012/12/rethinkdb_logo_1210.jpg,32392,Slava Akhmechet,29,https://s3.amazonaws.com/photos.angel.co/users/56518-medium_jpg?1315524015,1,[32392],10,0,[32392],0.0,0,[32392],0.0
RethinkDB,http://c2journal.com/wp-content/uploads/2012/12/rethinkdb_logo_1210.jpg,32392,Michael Glukhovsky,30,https://angel.co/images/shared/nopic.png,1,[32392],10,0,[32392],0.0,0,[32392],0.0
Ringadoc,https://s3.amazonaws.com/photos.angel.co/startups/i/74927-2e6003dd2f4ba76a8ceb41632923f5d1-medium_jpg.jpg?buster=1359527016,74927,Jordan Michaels,187,https://s3.amazonaws.com/photos.angel.co/users/104332-medium_jpg?1357616395,1,[74927],8,0,[74927],0.0,0,[74927],0.0
Ringadoc,https://s3.amazonaws.com/photos.angel.co/startups/i/74927-2e6003dd2f4ba76a8ceb41632923f5d1-medium_jpg.jpg?buster=1359527016,74927,Micah Grossman,62,https://s3.amazonaws.com/photos.angel.co/users/221236-medium_jpg?1358450057,1,[74927],8,0,[74927],0.0,0,[74927],0.0
SaleMove,https://s3.amazonaws.com/photos.angel.co/startups/i/95278-72c7ca4e128466e7e8ecb993ac8580d6-medium_jpg.jpg?buster=1375239191,95278,Daniel Michaeli,75,https://s3.amazonaws.com/photos.angel.co/users/135139-medium_jpg?1338855570,1,[95278],6,0,[95278],0.0,0,[95278],0.0
SaleMove,https://s3.amazonaws.com/photos.angel.co/startups/i/95278-72c7ca4e128466e7e8ecb993ac8580d6-medium_jpg.jpg?buster=1375239191,95278,Justin DiPietro,95,https://s3.amazonaws.com/photos.angel.co/users/101938-medium_jpg?1330645000,1,[95278],6,0,[95278],0.0,0,[95278],0.0
SaleMove,https://s3.amazonaws.com/photos.angel.co/startups/i/95278-72c7ca4e128466e7e8ecb993ac8580d6-medium_jpg.jpg?buster=1375239191,95278,David Rodas,12,https://s3.amazonaws.com/photos.angel.co/users/135150-medium_jpg?1338857267,1,[95278],6,0,[95278],0.0,0,[95278],0.0
SaleMove,https://s3.amazonaws.com/photos.angel.co/startups/i/95278-72c7ca4e128466e7e8ecb993ac8580d6-medium_jpg.jpg?buster=1375239191,95278,Carlos Paniagua,2,https://s3.amazonaws.com/photos.angel.co/users/135272-medium_jpg?1338902741,1,[95278],6,0,[95278],0.0,0,[95278],0.0
Scanadu,https://s3.amazonaws.com/photos.angel.co/startups/i/58699-91353fc8f733481054da9ac1b7305cc2-medium_jpg.jpg?buster=1372734395,58699,Walter De Brouwer,399,https://s3.amazonaws.com/photos.angel.co/users/5371-medium_jpg?1296210395,1,[58699],7,0,[58699],0.0,0,[58699],0.0
Scripted,https://s3.amazonaws.com/photos.angel.co/startups/i/23346-e329076cc07e27d42d98840269c4730a-medium_jpg.jpg?buster=1338225447,23346,Ryan Buckley,300,https://s3.amazonaws.com/photos.angel.co/users/53737-medium_jpg?1314305493,1,[23346],9,0,[23346],0.0,0,[23346],0.0
Scripted,https://s3.amazonaws.com/photos.angel.co/startups/i/23346-e329076cc07e27d42d98840269c4730a-medium_jpg.jpg?buster=1338225447,23346,Sunil Rajaraman,328,https://s3.amazonaws.com/photos.angel.co/users/35787-medium_jpg?1307050913,1,[23346],9,0,[23346],0.0,0,[23346],0.0
ScriptPad,https://s3.amazonaws.com/photos.angel.co/startups/i/979-04b4925d175267705c14ddb04efc173a-medium_jpg.jpg?buster=1318013731,979,Michael DeLeonardis,16,https://angel.co/images/shared/nopic.png,1,[979],7,0,[979],0.0,0,[979],0.0
ScriptPad,https://s3.amazonaws.com/photos.angel.co/startups/i/979-04b4925d175267705c14ddb04efc173a-medium_jpg.jpg?buster=1318013731,979,Liam Davis-Mead,16,https://s3.amazonaws.com/photos.angel.co/users/2215-medium_jpg?1332375293,1,[979],7,0,[979],0.0,0,[979],0.0
ScriptPad,https://s3.amazonaws.com/photos.angel.co/startups/i/979-04b4925d175267705c14ddb04efc173a-medium_jpg.jpg?buster=1318013731,979,Shane Taylor,7,https://angel.co/images/shared/nopic.png,1,[979],7,0,[979],0.0,0,[979],0.0
SendHub,https://s3.amazonaws.com/photos.angel.co/startups/i/21042-dde51249b559a67e46c013acb1e2168d-medium_jpg.jpg?buster=1373686486,21042,Ash Rust,245,https://s3.amazonaws.com/photos.angel.co/users/41263-medium_jpg?1364335641,1,[21042],8,0,[21042],0.0,0,[21042],0.0
SendHub,https://s3.amazonaws.com/photos.angel.co/startups/i/21042-dde51249b559a67e46c013acb1e2168d-medium_jpg.jpg?buster=1373686486,21042,Garrett Johnson,102,https://s3.amazonaws.com/photos.angel.co/users/42582-medium_jpg?1310615750,1,[21042],8,0,[21042],0.0,0,[21042],0.0
SendHub,https://s3.amazonaws.com/photos.angel.co/startups/i/21042-dde51249b559a67e46c013acb1e2168d-medium_jpg.jpg?buster=1373686486,21042,John Fallone,58,https://s3.amazonaws.com/photos.angel.co/users/42573-medium_jpg?1329002969,1,[21042],8,0,[21042],0.0,0,[21042],0.0
SendHub,https://s3.amazonaws.com/photos.angel.co/startups/i/21042-dde51249b559a67e46c013acb1e2168d-medium_jpg.jpg?buster=1373686486,21042,Ryan Pfeffer,53,https://s3.amazonaws.com/photos.angel.co/users/118976-medium_jpg?1334790224,1,[21042],8,0,[21042],0.0,0,[21042],0.0
Shippable,https://s3.amazonaws.com/photos.angel.co/startups/i/162112-a54069e69c1c76a72e4335afd40be7a5-medium_jpg.jpg?buster=1384755263,162112,Avi Cavale,96,https://s3.amazonaws.com/photos.angel.co/users/218493-medium_jpg?1357165686,1,[162112],8,0,[162112],0.0,1,[162112],8
Shippable,https://s3.amazonaws.com/photos.angel.co/startups/i/162112-a54069e69c1c76a72e4335afd40be7a5-medium_jpg.jpg?buster=1384755263,162112,Manisha Sahasrabudhe,33,https://s3.amazonaws.com/photos.angel.co/users/233535-medium_jpg?1359517465,1,[162112],8,0,[162112],0.0,1,[162112],8
Sift,https://s3.amazonaws.com/photos.angel.co/startups/i/75722-d7f7618a9da5af4db1d45d6efca21bfb-medium_jpg.jpg?buster=1342116594,75722,Saurin Shah,130,https://s3.amazonaws.com/photos.angel.co/users/16779-medium_jpg?1334733493,2,"[75787, 75722]",11,0,"[75787, 75722]",0.0,0,"[75787, 75722]",0.0
Sift,https://s3.amazonaws.com/photos.angel.co/startups/i/75722-d7f7618a9da5af4db1d45d6efca21bfb-medium_jpg.jpg?buster=1342116594,75722,Ajay Subramanian,8,https://s3.amazonaws.com/photos.angel.co/users/25487-medium_jpg?1335747809,1,[75722],7,0,[75722],0.0,0,[75722],0.0
Simperium,https://s3.amazonaws.com/photos.angel.co/startups/i/34103-dbf52bbebf96cf6300fd3d8a32e87001-medium_jpg.jpg?buster=1326844190,34103,Michael Johnston,30,https://s3.amazonaws.com/photos.angel.co/users/128049-medium_jpg?1337026656,1,[34103],10,0,[34103],0.0,0,[34103],0.0
Simperium,https://s3.amazonaws.com/photos.angel.co/startups/i/34103-dbf52bbebf96cf6300fd3d8a32e87001-medium_jpg.jpg?buster=1326844190,34103,Fred Cheng,2,https://s3.amazonaws.com/photos.angel.co/users/128142-medium_jpg?1337037317,1,[34103],10,0,[34103],0.0,0,[34103],0.0
Simplee,https://s3.amazonaws.com/photos.angel.co/startups/i/53715-22a37141cd6c4ce3be026c3497644201-medium_jpg.jpg?buster=1336589824,53715,Tomer Shoval,130,https://s3.amazonaws.com/photos.angel.co/users/93360-medium_jpg?1328374472,1,[53715],8,0,[53715],0.0,0,[53715],0.0
SmartAsset,https://s3.amazonaws.com/photos.angel.co/startups/i/85122-c742a92e24a483c4037d5ad2ec4070cb-medium_jpg.jpg?buster=1335286337,85122,Philip Camilleri,104,https://s3.amazonaws.com/photos.angel.co/users/32683-medium_jpg?1329836305,1,[85122],9,0,[85122],0.0,0,[85122],0.0
SmartAsset,https://s3.amazonaws.com/photos.angel.co/startups/i/85122-c742a92e24a483c4037d5ad2ec4070cb-medium_jpg.jpg?buster=1335286337,85122,Michael Carvin,16,https://s3.amazonaws.com/photos.angel.co/users/26423-medium_jpg?1335202784,1,[85122],9,0,[85122],0.0,0,[85122],0.0
Snapjoy,https://s3.amazonaws.com/photos.angel.co/startups/i/53145-e30a9adbf809000def7e3955038a952f-medium_jpg.jpg?buster=1349165643,53145,Michael Dwan,63,https://s3.amazonaws.com/photos.angel.co/users/156417-medium_jpg?1351971800,1,[53145],8,0,[53145],0.0,0,[53145],0.0
Snapjoy,https://s3.amazonaws.com/photos.angel.co/startups/i/53145-e30a9adbf809000def7e3955038a952f-medium_jpg.jpg?buster=1349165643,53145,JP Ren,44,https://s3.amazonaws.com/photos.angel.co/users/67744-medium_jpg?1319506104,1,[53145],8,0,[53145],0.0,0,[53145],0.0
Snaptalent,https://s3.amazonaws.com/photos.angel.co/startups/i/36043-aedbd0f430cb99267c392eb3cb16931f-medium_jpg.jpg?buster=1326845614,36043,Sumon Sadhu,340,https://s3.amazonaws.com/photos.angel.co/users/89571-medium_jpg?1348869088,1,[36043],6,4,[36043],32,0,[36043],0.0
Snaptalent,https://s3.amazonaws.com/photos.angel.co/startups/i/36043-aedbd0f430cb99267c392eb3cb16931f-medium_jpg.jpg?buster=1326845614,36043,Jamie Quint,653,https://s3.amazonaws.com/photos.angel.co/users/1387-medium_jpg?1354597804,2,"[36043, 77760]",14,1,"[36043, 77760]",9,0,"[36043, 77760]",0.0
Snaptalent,https://s3.amazonaws.com/photos.angel.co/startups/i/36043-aedbd0f430cb99267c392eb3cb16931f-medium_jpg.jpg?buster=1326845614,36043,Tim Davey,113,https://s3.amazonaws.com/photos.angel.co/users/109164-medium_jpg?1377098405,2,"[36781, 36043]",13,0,"[36781, 36043]",0.0,0,"[36781, 36043]",0.0
Snaptalent,https://s3.amazonaws.com/photos.angel.co/startups/i/36043-aedbd0f430cb99267c392eb3cb16931f-medium_jpg.jpg?buster=1326845614,36043,Brad Cater,33,https://s3.amazonaws.com/photos.angel.co/users/77965-medium_jpg?1323047191,1,[36043],6,0,[36043],0.0,0,[36043],0.0
Songkick,https://s3.amazonaws.com/photos.angel.co/startups/i/32452-96d8910b8e8a994ff3510ad6493c9428-medium_jpg.jpg?buster=1349863099,32452,Pete Smith,147,https://s3.amazonaws.com/photos.angel.co/users/184624-medium_jpg?1349966438,2,"[244541, 32452]",15,0,"[244541, 32452]",0.0,0,"[244541, 32452]",0.0
Songkick,https://s3.amazonaws.com/photos.angel.co/startups/i/32452-96d8910b8e8a994ff3510ad6493c9428-medium_jpg.jpg?buster=1349863099,32452,Ian Hogarth,329,https://angel.co/images/shared/nopic.png,1,[32452],10,0,[32452],0.0,0,[32452],0.0
Songkick,https://s3.amazonaws.com/photos.angel.co/startups/i/32452-96d8910b8e8a994ff3510ad6493c9428-medium_jpg.jpg?buster=1349863099,32452,michelle,77,https://angel.co/images/shared/nopic.png,1,[32452],10,0,[32452],0.0,0,[32452],0.0
Sportlyzer,https://s3.amazonaws.com/photos.angel.co/startups/i/2198-1833c62fd5b85f9e62f2a3c8229cff84-medium_jpg.jpg?buster=1315741517,2198,Jüri Kaljundi,1945,https://s3.amazonaws.com/photos.angel.co/users/6490-medium_jpg?1308856389,6,"[171863, 2198, 86746, 72157, 33931, 6110]",32,2,"[171863, 2198, 86746, 72157, 33931, 6110]",9,0,"[171863, 2198, 86746, 72157, 33931, 6110]",0.0
Sportlyzer,https://s3.amazonaws.com/photos.angel.co/startups/i/2198-1833c62fd5b85f9e62f2a3c8229cff84-medium_jpg.jpg?buster=1315741517,2198,Tõnis Saag,247,https://s3.amazonaws.com/photos.angel.co/users/5376-medium_jpg?1296235481,1,[2198],7,0,[2198],0.0,0,[2198],0.0
Sportlyzer,https://s3.amazonaws.com/photos.angel.co/startups/i/2198-1833c62fd5b85f9e62f2a3c8229cff84-medium_jpg.jpg?buster=1315741517,2198,Aave Hannus,11,https://s3.amazonaws.com/photos.angel.co/users/35219-medium_jpg?1306809713,1,[2198],7,0,[2198],0.0,0,[2198],0.0
Sportlyzer,https://s3.amazonaws.com/photos.angel.co/startups/i/2198-1833c62fd5b85f9e62f2a3c8229cff84-medium_jpg.jpg?buster=1315741517,2198,Indrek Altpere,8,https://angel.co/images/shared/nopic.png,1,[2198],7,0,[2198],0.0,0,[2198],0.0
Sportlyzer,https://s3.amazonaws.com/photos.angel.co/startups/i/2198-1833c62fd5b85f9e62f2a3c8229cff84-medium_jpg.jpg?buster=1315741517,2198,Kalmer Rautam,29,https://s3.amazonaws.com/photos.angel.co/users/37021-medium_jpg?1307698398,1,[2198],7,0,[2198],0.0,0,[2198],0.0
Sportlyzer,https://s3.amazonaws.com/photos.angel.co/startups/i/2198-1833c62fd5b85f9e62f2a3c8229cff84-medium_jpg.jpg?buster=1315741517,2198,Hanno Vene,7,https://s3.amazonaws.com/photos.angel.co/users/35235-medium_jpg?1306824789,1,[2198],7,0,[2198],0.0,0,[2198],0.0
Sportlyzer,https://s3.amazonaws.com/photos.angel.co/startups/i/2198-1833c62fd5b85f9e62f2a3c8229cff84-medium_jpg.jpg?buster=1315741517,2198,Jarek Mäestu,7,https://angel.co/images/shared/nopic.png,1,[2198],7,0,[2198],0.0,0,[2198],0.0
SpotMe,https://s3.amazonaws.com/photos.angel.co/startups/i/169960-6ef37e21fc7915adb3f643bfaa29ad49-medium_jpg.jpg?buster=1386691859,169960,Jarrod Wolf,75,https://s3.amazonaws.com/photos.angel.co/users/247249-medium_jpg?1361136983,1,[169960],5,1,[169960],4,0,[169960],0.0
SpotMe,https://s3.amazonaws.com/photos.angel.co/startups/i/169960-6ef37e21fc7915adb3f643bfaa29ad49-medium_jpg.jpg?buster=1386691859,169960,Gabe Priyev,9,https://s3.amazonaws.com/photos.angel.co/users/247290-medium_jpg?1386720327,1,[169960],5,0,[169960],0.0,0,[169960],0.0
SpotMe,https://s3.amazonaws.com/photos.angel.co/startups/i/169960-6ef37e21fc7915adb3f643bfaa29ad49-medium_jpg.jpg?buster=1386691859,169960,William Underwood,7,https://s3.amazonaws.com/photos.angel.co/users/247304-medium_jpg?1361144015,1,[169960],5,0,[169960],0.0,0,[169960],0.0
Sproutling,https://s3.amazonaws.com/photos.angel.co/startups/i/78769-fe8f3e4e6f3f15094e84d031d6059a55-medium_jpg.jpg?buster=1376448956,78769,Mathew Spolin,146,https://s3.amazonaws.com/photos.angel.co/users/1828-medium_jpg?1379010716,3,"[61171, 167, 78769]",21,0,"[61171, 167, 78769]",0.0,0,"[61171, 167, 78769]",0.0
Sproutling,https://s3.amazonaws.com/photos.angel.co/startups/i/78769-fe8f3e4e6f3f15094e84d031d6059a55-medium_jpg.jpg?buster=1376448956,78769,Chris Bruce,152,https://s3.amazonaws.com/photos.angel.co/users/57483-medium_jpg?1379011206,1,[78769],8,0,[78769],0.0,0,[78769],0.0
Survata,https://s3.amazonaws.com/photos.angel.co/startups/i/182277-41f305e6f5c5e8c468a1567f8ce4a68d-medium_jpg.jpg?buster=1363210065,182277,Chris Kelly,128,https://s3.amazonaws.com/photos.angel.co/users/95803-medium_jpg?1363139607,1,[182277],9,0,[182277],0.0,0,[182277],0.0
Survata,https://s3.amazonaws.com/photos.angel.co/startups/i/182277-41f305e6f5c5e8c468a1567f8ce4a68d-medium_jpg.jpg?buster=1363210065,182277,Aaron Wenger,38,https://s3.amazonaws.com/photos.angel.co/users/265910-medium_jpg?1363543733,1,[182277],9,0,[182277],0.0,0,[182277],0.0
Swiftype,https://s3.amazonaws.com/photos.angel.co/startups/i/79624-f321f4eb50341a8d7ba6b723377ad31a-medium_jpg.jpg?buster=1336687765,79624,Quinlan Hoxie,25,https://s3.amazonaws.com/photos.angel.co/users/127026-medium_jpg?1381352027,1,[79624],10,0,[79624],0.0,0,[79624],0.0
Swiftype,https://s3.amazonaws.com/photos.angel.co/startups/i/79624-f321f4eb50341a8d7ba6b723377ad31a-medium_jpg.jpg?buster=1336687765,79624,Matt Riley,13,https://s3.amazonaws.com/photos.angel.co/users/127021-medium_jpg?1379715875,1,[79624],10,0,[79624],0.0,0,[79624],0.0
Tagstand,https://s3.amazonaws.com/photos.angel.co/startups/i/52745-5741da38a16b404f1cd02d4bd87183bb-medium_jpg.jpg?buster=1387509627,52745,Srini Panguluri,179,https://s3.amazonaws.com/photos.angel.co/users/53773-medium_jpg?1314315788,1,[52745],10,7,[52745],61,0,[52745],0.0
Tagstand,https://s3.amazonaws.com/photos.angel.co/startups/i/52745-5741da38a16b404f1cd02d4bd87183bb-medium_jpg.jpg?buster=1387509627,52745,Kulveer Taggar,471,https://s3.amazonaws.com/photos.angel.co/users/53731-medium_jpg?1314304514,3,"[188021, 51405, 52745]",26,2,"[188021, 51405, 52745]",14,0,"[188021, 51405, 52745]",0.0
Tagstand,https://s3.amazonaws.com/photos.angel.co/startups/i/52745-5741da38a16b404f1cd02d4bd87183bb-medium_jpg.jpg?buster=1387509627,52745,Omar Seyal,194,https://s3.amazonaws.com/photos.angel.co/users/82589-medium_jpg?1357538222,1,[52745],10,2,[52745],19,0,[52745],0.0
ThriveHive,https://s3.amazonaws.com/photos.angel.co/startups/i/22197-35ec0087d07d434c2e49e4d8057473cb-medium_jpg.jpg?buster=1315731348,22197,Adam Blake,152,https://s3.amazonaws.com/photos.angel.co/users/55180-medium_jpg?1314907115,1,[22197],6,0,[22197],0.0,0,[22197],0.0
ThriveHive,https://s3.amazonaws.com/photos.angel.co/startups/i/22197-35ec0087d07d434c2e49e4d8057473cb-medium_jpg.jpg?buster=1315731348,22197,Maria Battaglia,59,https://s3.amazonaws.com/photos.angel.co/users/41346-medium_jpg?1312488934,1,[22197],6,0,[22197],0.0,0,[22197],0.0
ThriveHive,https://s3.amazonaws.com/photos.angel.co/startups/i/22197-35ec0087d07d434c2e49e4d8057473cb-medium_jpg.jpg?buster=1315731348,22197,Max Faingezicht,186,https://s3.amazonaws.com/photos.angel.co/users/48092-medium_jpg?1316124820,1,[22197],6,0,[22197],0.0,0,[22197],0.0
TinyTap,https://s3.amazonaws.com/photos.angel.co/startups/i/99407-9a6da72856341069bf190e47842c8fcf-medium_jpg.jpg?buster=1340565665,99407,Yogev Shelly,15,https://s3.amazonaws.com/photos.angel.co/users/141569-medium_jpg?1340566310,1,[99407],5,0,[99407],0.0,0,[99407],0.0
Tipjoy,https://angel.co/images/shared/nopic_startup.png,36044,Ivan Kirigin,248,https://s3.amazonaws.com/photos.angel.co/users/100891-medium_jpg?1330543242,1,[36044],9,0,[36044],0.0,0,[36044],0.0
Transcriptic,https://s3.amazonaws.com/photos.angel.co/startups/i/76047-3a6a70790ce66dc29e49b2199c65c57a-medium_jpg.jpg?buster=1383677824,76047,Max Hodak,432,https://s3.amazonaws.com/photos.angel.co/users/25636-medium_jpg?1304223840,2,"[76047, 75980]",13,1,"[76047, 75980]",8,0,"[76047, 75980]",0.0
TrustEgg,https://s3.amazonaws.com/photos.angel.co/startups/i/28064-0fbde88bb773cea817304d307ddbf694-medium_jpg.jpg?buster=1356994938,28064,John Zdanowski,883,https://s3.amazonaws.com/photos.angel.co/users/22251-medium_jpg?1313469225,1,[28064],9,5,[28064],45,3,[28064],27
TrustEgg,https://s3.amazonaws.com/photos.angel.co/startups/i/28064-0fbde88bb773cea817304d307ddbf694-medium_jpg.jpg?buster=1356994938,28064,Jeff Brice,73,https://s3.amazonaws.com/photos.angel.co/users/72337-medium_jpg?1320879114,1,[28064],9,0,[28064],0.0,1,[28064],9
Tutorspree,https://s3.amazonaws.com/photos.angel.co/startups/i/28208-524177e4cfb85f910f3180ac465b5b49-medium_jpg.jpg?buster=1320956499,28208,Ryan Bednar,124,https://s3.amazonaws.com/photos.angel.co/users/72621-medium_jpg?1320956394,1,[28208],10,0,[28208],0.0,0,[28208],0.0
Tutorspree,https://s3.amazonaws.com/photos.angel.co/startups/i/28208-524177e4cfb85f910f3180ac465b5b49-medium_jpg.jpg?buster=1320956499,28208,Aaron Harris,211,https://s3.amazonaws.com/photos.angel.co/users/72630-medium_jpg?1370899133,1,[28208],10,0,[28208],0.0,0,[28208],0.0
Tutorspree,https://s3.amazonaws.com/photos.angel.co/startups/i/28208-524177e4cfb85f910f3180ac465b5b49-medium_jpg.jpg?buster=1320956499,28208,Josh Abrams,16,https://s3.amazonaws.com/photos.angel.co/users/303718-medium_jpg?1368540020,1,[28208],10,0,[28208],0.0,0,[28208],0.0
Twilio,https://s3.amazonaws.com/photos.angel.co/startups/i/32509-cfb45c2a611a38850d8ea263d89ab595-medium_jpg.jpg?buster=1326842750,32509,Jeff Lawson,2223,https://s3.amazonaws.com/photos.angel.co/users/26786-medium_jpg?1306973402,1,[32509],10,3,[32509],20,0,[32509],0.0
Twilio,https://s3.amazonaws.com/photos.angel.co/startups/i/32509-cfb45c2a611a38850d8ea263d89ab595-medium_jpg.jpg?buster=1326842750,32509,John Wolthuis,242,https://s3.amazonaws.com/photos.angel.co/users/169245-medium_jpg?1346719228,1,[32509],10,3,[32509],25,0,[32509],0.0
Twilio,https://s3.amazonaws.com/photos.angel.co/startups/i/32509-cfb45c2a611a38850d8ea263d89ab595-medium_jpg.jpg?buster=1326842750,32509,Evan Cooke,105,https://s3.amazonaws.com/photos.angel.co/users/114331-medium_jpg?1333666677,1,[32509],10,0,[32509],0.0,0,[32509],0.0
Upverter,https://s3.amazonaws.com/photos.angel.co/startups/i/3458-0e8bebc0e1189c5403036dbd7a4fab32-medium_jpg.jpg?buster=1352219809,3458,Zak Homuth,443,https://s3.amazonaws.com/photos.angel.co/users/10906-medium_jpg?1365809323,1,[3458],8,0,[3458],0.0,0,[3458],0.0
Upverter,https://s3.amazonaws.com/photos.angel.co/startups/i/3458-0e8bebc0e1189c5403036dbd7a4fab32-medium_jpg.jpg?buster=1352219809,3458,Michael Woodworth,53,https://s3.amazonaws.com/photos.angel.co/users/30435-medium_jpg?1320942080,1,[3458],8,0,[3458],0.0,0,[3458],0.0
Upverter,https://s3.amazonaws.com/photos.angel.co/startups/i/3458-0e8bebc0e1189c5403036dbd7a4fab32-medium_jpg.jpg?buster=1352219809,3458,Stephen Hamer,17,https://s3.amazonaws.com/photos.angel.co/users/30431-medium_jpg?1320931254,1,[3458],8,0,[3458],0.0,0,[3458],0.0
Vayable,https://s3.amazonaws.com/photos.angel.co/startups/i/2197-3983fe228b05d33a497de287388ed5ff-medium_jpg.jpg?buster=1377066532,2197,Jamie Wong,658,https://s3.amazonaws.com/photos.angel.co/users/5372-medium_jpg?1308604155,1,[2197],10,0,[2197],0.0,0,[2197],0.0
Verbling,https://s3.amazonaws.com/photos.angel.co/startups/i/23492-3bffc7531a5bcb86355d8f83839aa736-medium_jpg.jpg?buster=1341815597,23492,Jake Jolis,196,https://s3.amazonaws.com/photos.angel.co/users/54686-medium_jpg?1314903487,1,[23492],9,0,[23492],0.0,0,[23492],0.0
Verbling,https://s3.amazonaws.com/photos.angel.co/startups/i/23492-3bffc7531a5bcb86355d8f83839aa736-medium_jpg.jpg?buster=1341815597,23492,Mikael Bernstein,25,https://s3.amazonaws.com/photos.angel.co/users/54602-medium_jpg?1314865883,1,[23492],9,0,[23492],0.0,0,[23492],0.0
Virool,https://s3.amazonaws.com/photos.angel.co/startups/i/101592-283928b6a968597f47da6069ab9446cd-medium_jpg.jpg?buster=1345439347,101592,Alexander Debelov,405,https://s3.amazonaws.com/photos.angel.co/users/144345-medium_jpg?1341266634,3,"[101847, 101846, 101592]",17,0,"[101847, 101846, 101592]",0.0,0,"[101847, 101846, 101592]",0.0
Virool,https://s3.amazonaws.com/photos.angel.co/startups/i/101592-283928b6a968597f47da6069ab9446cd-medium_jpg.jpg?buster=1345439347,101592,Vladimir Gurgov,122,https://s3.amazonaws.com/photos.angel.co/users/144357-medium_jpg?1341267227,1,[101592],10,0,[101592],0.0,0,[101592],0.0
Wahanda,https://s3.amazonaws.com/photos.angel.co/startups/i/24080-15dff9d2c3789bb1feda94691485abaf-medium_jpg.jpg?buster=1315729174,24080,Salim Mitha,403,https://s3.amazonaws.com/photos.angel.co/users/56878-medium_jpg?1315684808,1,[24080],8,5,[24080],31,0,[24080],0.0
WakeMate,https://s3.amazonaws.com/photos.angel.co/startups/i/19146-0b00815434f5c6b8c6d6837ebabbde89-medium_jpg.jpg?buster=1315734726,19146,Arun Gupta,65,https://graph.facebook.com/708495/picture?type=square,1,[19146],10,0,[19146],0.0,0,[19146],0.0
WakeMate,https://s3.amazonaws.com/photos.angel.co/startups/i/19146-0b00815434f5c6b8c6d6837ebabbde89-medium_jpg.jpg?buster=1315734726,19146,Greg Nemeth,15,https://s3.amazonaws.com/photos.angel.co/users/44226-medium_jpg?1311366693,1,[19146],10,0,[19146],0.0,0,[19146],0.0
Watsi,https://s3.amazonaws.com/photos.angel.co/startups/i/90458-bdca67d22fe3c295f9db420ebf498781-medium_jpg.jpg?buster=1365013199,90458,Chase Adam,31,https://s3.amazonaws.com/photos.angel.co/users/68038-medium_jpg?1319584826,1,[90458],8,0,[90458],0.0,0,[90458],0.0
Watsi,https://s3.amazonaws.com/photos.angel.co/startups/i/90458-bdca67d22fe3c295f9db420ebf498781-medium_jpg.jpg?buster=1365013199,90458,Jesse Cooke,9,https://s3.amazonaws.com/photos.angel.co/users/276328-medium_jpg?1374769696,1,[90458],8,0,[90458],0.0,0,[90458],0.0
Watsi,https://s3.amazonaws.com/photos.angel.co/startups/i/90458-bdca67d22fe3c295f9db420ebf498781-medium_jpg.jpg?buster=1365013199,90458,Howard Glenn,18,https://graph.facebook.com/phglenn/picture?type=square,1,[90458],8,0,[90458],0.0,0,[90458],0.0
Watsi,https://s3.amazonaws.com/photos.angel.co/startups/i/90458-bdca67d22fe3c295f9db420ebf498781-medium_jpg.jpg?buster=1365013199,90458,Grace Garey,17,https://graph.facebook.com/graciegarey/picture?type=square,1,[90458],8,0,[90458],0.0,0,[90458],0.0
Wattvision,https://s3.amazonaws.com/photos.angel.co/startups/i/6592-cbb55b24507306e54fb424b9502bc686-medium_jpg.jpg?buster=1340830333,6592,Savraj Singh,156,https://s3.amazonaws.com/photos.angel.co/users/18935-medium_jpg?1336675128,2,"[85783, 6592]",11,0,"[85783, 6592]",0.0,0,"[85783, 6592]",0.0
Wattvision,https://s3.amazonaws.com/photos.angel.co/startups/i/6592-cbb55b24507306e54fb424b9502bc686-medium_jpg.jpg?buster=1340830333,6592,Diego Vargas,3,https://angel.co/images/shared/nopic.png,1,[6592],9,0,[6592],0.0,0,[6592],0.0
Weebly,https://s3.amazonaws.com/photos.angel.co/startups/i/33952-0a6f30223b4052d448a19d040c55b8d3-medium_jpg.jpg?buster=1374942514,33952,David Rusenko,861,https://s3.amazonaws.com/photos.angel.co/users/1470-medium_jpg?1300730676,1,[33952],10,9,[33952],76,0,[33952],0.0
Weebly,https://s3.amazonaws.com/photos.angel.co/startups/i/33952-0a6f30223b4052d448a19d040c55b8d3-medium_jpg.jpg?buster=1374942514,33952,Chris Fanini,59,https://s3.amazonaws.com/photos.angel.co/users/130463-medium_jpg?1377135946,1,[33952],10,4,[33952],37,0,[33952],0.0
Weebly,https://s3.amazonaws.com/photos.angel.co/startups/i/33952-0a6f30223b4052d448a19d040c55b8d3-medium_jpg.jpg?buster=1374942514,33952,Dan Veltri,76,https://s3.amazonaws.com/photos.angel.co/users/130485-medium_jpg?1337626459,1,[33952],10,0,[33952],0.0,0,[33952],0.0
Wello,https://s3.amazonaws.com/photos.angel.co/startups/i/31748-fd4d96677ef0ee34cd02e45aae5f8e8d-medium_jpg.jpg?buster=1381799879,31748,Amol Kher,100,https://s3.amazonaws.com/photos.angel.co/users/1808-medium_jpg?1338844384,1,[31748],8,0,[31748],0.0,0,[31748],0.0
Wello,https://s3.amazonaws.com/photos.angel.co/startups/i/31748-fd4d96677ef0ee34cd02e45aae5f8e8d-medium_jpg.jpg?buster=1381799879,31748,Leslie Silverglide,116,https://s3.amazonaws.com/photos.angel.co/users/86457-medium_jpg?1380832982,2,"[63639, 31748]",10,0,"[63639, 31748]",0.0,1,"[63639, 31748]",8
Wello,https://s3.amazonaws.com/photos.angel.co/startups/i/31748-fd4d96677ef0ee34cd02e45aae5f8e8d-medium_jpg.jpg?buster=1381799879,31748,Ann Scott Plante,35,https://s3.amazonaws.com/photos.angel.co/users/86467-medium_jpg?1332179207,1,[31748],8,0,[31748],0.0,1,[31748],8
WePay,https://s3.amazonaws.com/photos.angel.co/startups/i/32771-2b9436eb0f9821f1030875c7f87c58e7-medium_jpg.jpg?buster=1326843013,32771,Richard Aberman,415,https://s3.amazonaws.com/photos.angel.co/users/43640-medium_jpg?1311119600,1,[32771],10,0,[32771],0.0,0,[32771],0.0
WePay,https://s3.amazonaws.com/photos.angel.co/startups/i/32771-2b9436eb0f9821f1030875c7f87c58e7-medium_jpg.jpg?buster=1326843013,32771,Bill Clerico,307,https://s3.amazonaws.com/photos.angel.co/users/80285-medium_jpg?1323831731,1,[32771],10,0,[32771],0.0,0,[32771],0.0
Wundrbar,https://angel.co/images/shared/nopic_startup.png,123842,Nick Grandy,208,https://s3.amazonaws.com/photos.angel.co/users/85313-medium_jpg?1325972604,1,[123842],5,3,[123842],25,0,[123842],0.0
Yardsale,https://s3.amazonaws.com/photos.angel.co/startups/i/52073-67f1b16fb4bc77facee8f73919e9c113-medium_jpg.jpg?buster=1344909922,52073,Ryan Mickle,105,https://s3.amazonaws.com/photos.angel.co/users/114645-medium_jpg?1383698705,1,[52073],10,0,[52073],0.0,0,[52073],0.0
Yardsale,https://s3.amazonaws.com/photos.angel.co/startups/i/52073-67f1b16fb4bc77facee8f73919e9c113-medium_jpg.jpg?buster=1344909922,52073,Ed McManus,7,https://s3.amazonaws.com/photos.angel.co/users/17321-medium_jpg?1389056588,1,[52073],10,0,[52073],0.0,0,[52073],0.0
Zapier,https://s3.amazonaws.com/photos.angel.co/startups/i/78563-d6a685e956012e72415c2b12769e7459-medium_jpg.jpg?buster=1386814426,78563,Wade Foster,142,https://s3.amazonaws.com/photos.angel.co/users/110091-medium_jpg?1332785148,1,[78563],8,0,[78563],0.0,0,[78563],0.0
Zapier,https://s3.amazonaws.com/photos.angel.co/startups/i/78563-d6a685e956012e72415c2b12769e7459-medium_jpg.jpg?buster=1386814426,78563,Bryan Helmig,27,https://s3.amazonaws.com/photos.angel.co/users/110051-medium_jpg?1343165705,1,[78563],8,0,[78563],0.0,0,[78563],0.0
Zapier,https://s3.amazonaws.com/photos.angel.co/startups/i/78563-d6a685e956012e72415c2b12769e7459-medium_jpg.jpg?buster=1386814426,78563,Mike Knoop,28,https://s3.amazonaws.com/photos.angel.co/users/110058-medium_jpg?1343167167,1,[78563],8,0,[78563],0.0,0,[78563],0.0
Zaranga,https://s3.amazonaws.com/photos.angel.co/startups/i/196627-375624599e0d2635bec791810b5ac5cc-medium_jpg.jpg?buster=1366184094,196627,Amitav Chakravartty,42,https://s3.amazonaws.com/photos.angel.co/users/287880-medium_jpg?1366213318,2,"[196785, 196627]",12,0,"[196785, 196627]",0.0,0,"[196785, 196627]",0.0
Zaranga,https://s3.amazonaws.com/photos.angel.co/startups/i/196627-375624599e0d2635bec791810b5ac5cc-medium_jpg.jpg?buster=1366184094,196627,Anirban Bardalaye,15,https://s3.amazonaws.com/photos.angel.co/users/196641-medium_jpg?1370237237,1,[196627],8,0,[196627],0.0,0,[196627],0.0
Zencoder,https://s3.amazonaws.com/photos.angel.co/startups/i/32683-07b0900bf4ab41a125563f5da60acd47-medium_jpg.jpg?buster=1337619601,32683,Jon Dahl,273,https://s3.amazonaws.com/photos.angel.co/users/104629-medium_jpg?1331306342,1,[32683],10,5,[32683],37,0,[32683],0.0
Zencoder,https://s3.amazonaws.com/photos.angel.co/startups/i/32683-07b0900bf4ab41a125563f5da60acd47-medium_jpg.jpg?buster=1337619601,32683,Brandon Arbini,132,https://s3.amazonaws.com/photos.angel.co/users/124662-medium_jpg?1337617860,2,"[325199, 32683]",15,1,"[325199, 32683]",7,0,"[325199, 32683]",0.0
Zencoder,https://s3.amazonaws.com/photos.angel.co/startups/i/32683-07b0900bf4ab41a125563f5da60acd47-medium_jpg.jpg?buster=1337619601,32683,Steve Heffernan,64,https://s3.amazonaws.com/photos.angel.co/users/131042-medium_jpg?1337720169,1,[32683],10,1,[32683],7,0,[32683],0.0
Zendrive,https://s3.amazonaws.com/photos.angel.co/startups/i/161392-c1a8cbf859d36d456084eae6eecc4cf5-medium_jpg.jpg?buster=1377676627,161392,Jonathan Matus,668,https://s3.amazonaws.com/photos.angel.co/users/42640-medium_jpg?1350518425,2,"[161392, 130554]",15,5,"[161392, 130554]",38,0,"[161392, 130554]",0.0
Zendrive,https://s3.amazonaws.com/photos.angel.co/startups/i/161392-c1a8cbf859d36d456084eae6eecc4cf5-medium_jpg.jpg?buster=1377676627,161392,Pankaj Risbood,56,https://s3.amazonaws.com/photos.angel.co/users/236190-medium_jpg?1359853384,1,[161392],10,0,[161392],0.0,0,[161392],0.0
Zenefits,https://angel.co/images/shared/nopic_startup.png,199399,Parker Conrad,44,https://s3.amazonaws.com/photos.angel.co/users/32073-medium_jpg?1376269073,3,"[199399, 41890, 159791]",20,0,"[199399, 41890, 159791]",0.0,0,"[199399, 41890, 159791]",0.0
Zenefits,https://angel.co/images/shared/nopic_startup.png,199399,Laks Srini,12,https://s3.amazonaws.com/photos.angel.co/users/363655-medium_jpg?1376341970,1,[199399],8,0,[199399],0.0,0,[199399],0.0
ZenPayroll,https://s3.amazonaws.com/photos.angel.co/startups/i/78720-5fd32474df5e2975289243a099b78635-medium_jpg.jpg?buster=1332831285,78720,Joshua Reeves,1656,https://s3.amazonaws.com/photos.angel.co/users/3124-medium_jpg?1355246490,2,"[78720, 41780]",16,11,"[78720, 41780]",94,0,"[78720, 41780]",0.0
ZenPayroll,https://s3.amazonaws.com/photos.angel.co/startups/i/78720-5fd32474df5e2975289243a099b78635-medium_jpg.jpg?buster=1332831285,78720,Tomer London,354,https://s3.amazonaws.com/photos.angel.co/users/110263-medium_jpg?1355247736,1,[78720],10,0,[78720],0.0,0,[78720],0.0
ZenPayroll,https://s3.amazonaws.com/photos.angel.co/startups/i/78720-5fd32474df5e2975289243a099b78635-medium_jpg.jpg?buster=1332831285,78720,Edward Kim,261,https://s3.amazonaws.com/photos.angel.co/users/110258-medium_jpg?1355249605,2,"[78779, 78720]",12,0,"[78779, 78720]",0.0,0,"[78779, 78720]",0.0
Zillabyte,https://s3.amazonaws.com/photos.angel.co/startups/i/80054-2cc9154b1981ce648f94db4697856d70-medium_jpg.jpg?buster=1333320374,80054,Jake Quist,221,https://s3.amazonaws.com/photos.angel.co/users/8733-medium_jpg?1298333361,1,[80054],9,0,[80054],0.0,0,[80054],0.0